Target,Model,Accuracy,Precision,Recall,F1-Score,Balanced Accuracy,Specificity,Sensitivity,ROC-AUC,PR-AUC,MCC,Brier Score
flood_target,LogisticRegression,0.6405109489051095,0.2923433874709977,0.586046511627907,0.39009287925696595,0.6199245043951113,0.6538024971623155,0.586046511627907,0.6865612543885121,0.3642076396612727,0.19498250897333239,0.2601093227103816
flood_target,RandomForest,0.6916058394160584,0.35391923990498814,0.6930232558139535,0.46855345911949686,0.6921415938547634,0.6912599318955732,0.6930232558139535,0.7184119525908719,0.3500363758062634,0.31373692414317983,0.2391469554920396
flood_target,XGBoost,0.6843065693430657,0.33827160493827163,0.6372093023255814,0.44193548387096776,0.6665047646701687,0.695800227014756,0.6372093023255814,0.7083942665575588,0.3612929644644475,0.2739664045675716,0.21357743442058563
flood_target,LightGBM,0.6651459854014599,0.3164251207729469,0.6093023255813953,0.4165341812400636,0.644038222949608,0.6787741203178207,0.6093023255813953,0.7105297890874533,0.36228432833949653,0.23595140982644502,0.24402882131151177
heatwave_target,LogisticRegression,0.9698905109489051,0.7461538461538462,1.0,0.8546255506607929,0.9834834834834835,0.9669669669669669,1.0,0.9963571819241922,0.9613868210432125,0.84941516439614,0.021684546819291044
heatwave_target,RandomForest,0.968978102189781,0.7837837837837838,0.8969072164948454,0.8365384615384616,0.9364415962354107,0.975975975975976,0.8969072164948454,0.9948402010257681,0.9537870325433805,0.8217602649780853,0.018938687709630087
heatwave_target,XGBoost,0.9781021897810219,0.8543689320388349,0.9072164948453608,0.88,0.9461007399151729,0.984984984984985,0.9072164948453608,0.995418098510882,0.9564646581933016,0.8684369909440317,0.018199283629655838
heatwave_target,LightGBM,0.9790145985401459,0.8557692307692307,0.9175257731958762,0.8855721393034826,0.9512553790904306,0.984984984984985,0.9175257731958762,0.9966151718729039,0.9677364014196869,0.8746785836656893,0.015939414156423252
compound_target,LogisticRegression,0.8832116788321168,0.25443786982248523,0.9555555555555556,0.40186915887850466,0.9178348662649329,0.8801141769743102,0.9555555555555556,0.9396553546886564,0.249349264620135,0.4591547358198387,0.08916203508928244
compound_target,RandomForest,0.8813868613138686,0.2543352601156069,0.9777777777777777,0.4036697247706422,0.9275187651971667,0.8772597526165556,0.9777777777777777,0.9559467174119887,0.490689445793339,0.4653383982073696,0.07750402693217466
compound_target,XGBoost,0.8759124087591241,0.24,0.9333333333333333,0.38181818181818183,0.9033935934031081,0.873453853472883,0.9333333333333333,0.9465165450893329,0.38376986107712197,0.4370365585863081,0.09935250878334045
compound_target,LightGBM,0.9516423357664233,0.43103448275862066,0.5555555555555556,0.4854368932038835,0.762078443810128,0.9686013320647003,0.5555555555555556,0.9485569299080242,0.42278615162337346,0.46457543084329017,0.039347692769300176
compound_target,Stacking Ensemble,0.9124087591240876,0.296,0.8222222222222222,0.43529411764705883,0.8692462205307114,0.9162702188392008,0.8222222222222222,0.9552595411777143,0.4076886181666672,0.4609873922463735,0.14645683083121064
flood_target,LSTM,0.6460258780036968,0.3108108108108108,0.641860465116279,0.4188163884673748,0.6444596443228454,0.6470588235294118,0.641860465116279,0.6858667954185779,0.27554451544577696,0.23437079392181598,0.24011372029781342
flood_target,GRU,0.6395563770794824,0.29314420803782504,0.5767441860465117,0.3887147335423197,0.6159384136691612,0.6551326412918108,0.5767441860465117,0.6281188809313054,0.23991016843975496,0.18961523874422267,0.23944954574108124
heatwave_target,LSTM,0.9131238447319778,0.5081967213114754,0.9587628865979382,0.6642857142857143,0.9336961641111519,0.9086294416243654,0.9587628865979382,0.9824689936679052,0.8386330291246344,0.6610193432082205,0.06483080238103867
heatwave_target,GRU,0.9279112754158965,0.5568862275449101,0.9587628865979382,0.7045454545454546,0.9418179915223193,0.9248730964467005,0.9587628865979382,0.9807420587157885,0.8117041916617204,0.6987287167258138,0.054950051009655
compound_target,LSTM,0.8391866913123844,0.18226600985221675,0.8222222222222222,0.29838709677419356,0.8310725383049394,0.8399228543876567,0.8222222222222222,0.9292831886853101,0.2784869955282041,0.3386151092861338,0.1012529581785202
compound_target,GRU,0.8456561922365989,0.20098039215686275,0.9111111111111111,0.3293172690763052,0.8769634629808207,0.8428158148505304,0.9111111111111111,0.9422907960998607,0.2964856141202057,0.38482435268843596,0.1122637614607811
