event_id,start_date,end_date,latitude,longitude,severity,deaths,displaced_people,main_cause,primary_country,validation_type
1641.0,2000-09-18,2000-10-21,24.084064,88.5453,2.0,1468.0,24000000.0,Monsoonal rain,India,News
1747.0,2001-07-08,2001-08-10,21.055916,84.798732,2.0,100.0,2000000.0,Monsoonal rain,India,News
1789.0,2001-08-20,2001-09-11,26.755588,83.051328,1.0,65.0,300000.0,Heavy rain,India,News
1791.0,2001-09-07,2001-09-24,26.532079,84.869961,1.0,146.0,30000.0,Heavy rain,India,News
1974.0,2002-06-21,2002-08-28,25.841781,89.269578,1.0,503.0,15000000.0,Monsoonal rain,India,News
1980.0,2002-07-07,2002-07-09,27.57515,83.355221,1.0,0.0,0.0,Heavy rain,Nepal,News
1999.0,2002-07-21,2002-08-15,27.696051,85.306497,1.0,380.0,250000.0,Monsoonal rain,Nepal,News
2041.0,2002-08-17,2002-09-04,22.418744,95.753361,2.0,0.0,5000.0,Monsoonal rain,Burma,News
2049.0,2002-09-03,2002-09-06,21.539107,73.220062,1.0,22.0,5000.0,Monsoonal rain,India,News
2160.0,2003-02-16,2003-02-22,27.524729,68.067654,1.0,20.0,3000.0,Heavy rain,Pakistan,News
2248.0,2003-06-11,2003-10-10,26.170616,90.853814,2.0,600.0,9500000.0,Monsoonal rain,Bangladesh,News
2257.0,2003-06-19,2003-07-03,21.923872,91.932656,1.0,55.0,20000.0,Monsoonal rain,Bangladesh,News
2276.0,2003-07-02,2003-09-01,20.574716,95.503476,1.0,0.0,0.0,Monsoonal rain,Burma,News
2279.0,2003-07-15,2003-09-01,28.731898,72.2101,1.0,285.0,900000.0,Monsoonal rain,Pakistan,News
2338.0,2003-08-27,2003-10-20,20.625759,85.893641,1.0,67.0,3000000.0,Monsoonal rain,India,News
2473.0,2004-04-14,2004-05-03,24.894242,91.694661,1.0,12.0,50000.0,Heavy rain,Bangladesh,News
2507.0,2004-06-20,2004-10-07,25.498908,85.891802,2.0,3000.0,40000000.0,Monsoonal rain,India,News
2519.0,2004-07-05,2004-08-11,27.086351,86.252493,1.0,185.0,100000.0,Monsoonal rain,Nepal,News
2570.0,2004-10-07,2004-10-18,24.686228,89.400194,1.0,210.0,100000.0,Heavy rain,India,News
2657.0,2005-05-25,2005-05-28,24.598004,91.64239,1.0,13.0,50000.0,Heavy rain,Bangladesh,News
2676.0,2005-06-23,2005-06-30,25.961407,89.11453,1.0,5.0,70000.0,Monsoonal rain,Bangladesh,News
2680.0,2005-06-28,2005-07-15,21.43303,73.07388,2.0,202.0,500000.0,Monsoonal rain,India,News
2686.0,2005-07-02,2005-07-15,24.128785,80.199902,1.0,62.0,49000.0,Monsoonal rain,India,News
2689.0,2005-07-05,2005-08-14,30.922991,73.563738,1.0,40.0,452000.0,Monsoonal rain,Pakistan,News
2690.0,2005-07-07,2005-07-27,27.436259,87.012599,1.0,40.0,3000000.0,Monsoonal rain,India,News
2698.0,2005-07-23,2005-08-16,16.977232,79.965416,1.0,126.0,100000.0,Monsoonal rain,India,News
2718.0,2005-08-26,2005-08-30,25.885963,83.211491,1.0,21.0,0.0,Heavy rain,India,News
2728.0,2005-09-14,2005-09-30,21.113878,82.538893,1.0,89.0,550000.0,Heavy rain,India,News
2731.0,2005-09-16,2005-10-05,28.197268,79.373434,1.0,23.0,0.0,Monsoonal rain,India,News
2734.0,2005-09-22,2005-10-11,21.713895,73.473279,1.0,15.0,0.0,Heavy rain,India,News
2737.0,2005-09-25,2005-10-02,29.293795,80.547593,1.0,51.0,1600.0,Monsoonal rain,Nepal,News
2747.0,2005-10-03,2005-10-22,25.640627,88.977022,1.0,19.0,100000.0,Heavy rain,Bangladesh,News
2754.0,2005-10-21,2005-10-28,21.940907,87.934687,1.0,13.0,3000000.0,Heavy rain,India,News
2758.0,2005-10-23,2005-12-09,11.780352,78.731712,1.0,279.0,300000.0,Monsoonal rain,India,News
2859.0,2006-04-29,2006-05-05,18.367934,94.945666,1.0,21.0,800.0,Tropical Cyclone,Burma,News
2879.0,2006-05-31,2006-07-24,26.599281,94.024532,1.0,21.0,600000.0,Monsoonal rain,India,News
2894.0,2006-06-24,2006-08-03,25.615074,83.671273,1.0,160.0,0.0,Monsoonal rain,India,News
2911.0,2006-07-04,2006-07-07,22.411409,71.309729,1.0,24.0,8400.0,Heavy rain,India,News
2931.0,2006-07-24,2006-08-22,34.609786,73.199799,1.0,248.0,0.0,Monsoonal rain,Pakistan,News
2935.0,2006-07-28,2006-09-12,20.194292,73.824174,2.0,457.0,140000.0,Monsoonal rain,India,News
2940.0,2006-08-01,2006-09-10,18.104598,81.52884,1.0,185.0,2000000.0,Monsoonal rain,India,News
2954.0,2006-08-26,2006-09-13,28.694093,81.305997,2.0,60.0,80000.0,Monsoonal rain,Nepal,News
2956.0,2006-08-29,2006-09-04,27.585296,81.51737,1.0,42.0,50000.0,Monsoonal rain,India,News
2958.0,2006-08-31,2006-09-11,32.886368,73.884164,1.0,39.0,3000.0,Monsoonal rain,India,News
2961.0,2006-08-24,2006-09-20,23.229479,89.272707,1.0,0.0,0.0,Monsoonal rain,Bangladesh,News
3097.0,2007-06-11,2007-06-24,22.397464,91.953546,1.0,126.0,80000.0,Monsoonal rain,Bangladesh,News
3100.0,2007-06-15,2007-06-18,26.948499,85.862693,1.0,0.0,400.0,Monsoonal rain,Nepal,News
3104.0,2007-06-18,2007-06-26,26.255772,94.018895,1.0,15.0,200000.0,Monsoonal rain,India,News
3107.0,2007-06-22,2007-07-04,14.944966,78.161545,1.0,127.0,200000.0,Monsoonal rain,India,News
3112.0,2007-06-26,2007-07-20,25.256271,67.90249,1.0,280.0,400000.0,Tropical cyclone,Pakistan,News
3118.0,2007-06-30,2007-07-13,20.053869,81.860109,1.0,29.0,50000.0,Monsoonal rain,India,News
3119.0,2007-07-01,2007-07-06,21.026348,77.523744,1.0,62.0,10000.0,Monsoonal rain,India,News
3120.0,2007-07-01,2007-07-13,22.023056,72.24951,1.0,225.0,63000.0,Monsoonal rain,India,News
3122.0,2007-07-03,2007-09-22,22.63148,88.487108,1.5,958.0,3000000.0,Monsoonal rain,India,News
3125.0,2007-07-06,2007-08-01,18.52419,95.317389,1.0,0.0,3000.0,Monsoonal rain,Burma,News
3128.0,2007-07-12,2007-10-10,27.577302,95.262997,1.0,96.0,11100000.0,Monsoonal rain,India,News
3134.0,2007-07-18,2007-08-13,24.098428,100.163684,1.0,170.0,10000.0,Heavy rain,China,News
3136.0,2007-07-21,2007-10-15,23.916419,91.233643,1.0,1071.0,5000000.0,Monsoonal rain,Bangladesh,News
3143.0,2007-07-23,2007-10-02,27.777213,84.080127,1.0,185.0,86000.0,Monsoonal rain,Nepal,News
3150.0,2007-08-03,2007-08-27,20.452499,86.19782,1.0,15.0,20000.0,Monsoonal rain,India,News
3160.0,2007-08-08,2007-08-15,22.682373,70.925042,1.0,12.0,0.0,Monsoonal rain,India,News
3162.0,2007-08-10,2007-08-13,26.019152,68.825675,1.0,35.0,0.0,Monsoonal rain,Pakistan,News
3164.0,2007-08-12,2007-08-17,31.238835,76.526785,1.0,76.0,15000.0,Monsoonal rain,India,News
3169.0,2007-08-14,2007-10-04,16.962415,95.17279,1.0,2.0,40000.0,Monsoonal rain,Burma,News
3191.0,2007-09-16,2007-10-07,15.706741,79.877978,1.0,94.0,20000.0,Monsoonal rain,India,News
3195.0,2007-09-22,2007-10-08,20.909634,86.403285,1.0,80.0,400000.0,Heavy rain,India,News
3208.0,2007-10-17,2007-10-24,24.721405,93.970474,1.5,2.0,30000.0,Heavy rain,India,News
3217.0,2007-10-27,2007-11-01,12.725021,79.700186,1.0,29.0,50000.0,Heavy rain,India,News
3226.0,2007-11-15,2007-12-01,22.610398,90.150761,1.0,3447.0,3000000.0,Tropical cyclone,Bangladesh,News
3302.0,2008-05-03,2008-05-22,16.821377,95.971541,1.5,100000.0,1500000.0,Tropical cyclone,Burma,News
3312.0,2008-05-24,2008-05-28,26.399977,93.754969,1.0,0.0,0.0,Heavy rain,India,News
3327.0,2008-07-05,2008-07-14,25.241123,90.120056,1.5,350.0,70000.0,Monsoon Rain,India,News
3338.0,2008-07-20,2008-08-08,27.49945,89.78715,2.0,142.0,225000.0,monsoonal rainfall,India,News
3356.0,2008-08-05,2008-08-11,16.652289,81.380061,1.5,74.0,0.0,Heavy monsoon rains,India,News
3359.0,2008-08-09,2008-08-20,30.738475,72.634688,1.5,37.0,90752.0,Heavy monsoon rains,Pakistan,News
3365.0,2008-08-18,2008-09-24,26.950613,84.923215,2.0,400.0,10000000.0,Heavy monsoon rains,Nepal,News
3371.0,2008-08-30,2008-09-08,25.028785,90.210026,1.5,0.0,600000.0,Monsoon Rains,Bangladesh,News
3372.0,2008-08-30,2008-09-08,27.044183,94.55033,1.5,900.0,1000000.0,Monsoon Rains,India,News
3382.0,2008-09-22,2008-09-29,20.95224,84.406372,2.0,2400.0,0.0,Dam release and Heavy  Rain,India,News
3383.0,2008-09-22,2008-09-29,30.521816,78.938377,2.0,49.0,13000.0,Monsoonal Rain,Nepal,News
3485.0,2009-04-20,2009-05-15,22.163962,89.086148,1.5,21.0,15000.0,Heavy Rain,Bangladesh,News
3495.0,2009-07-03,2009-07-06,25.256217,89.086147,1.0,20.0,700000.0,Torrential Rain,Bangladesh,News
3496.0,2009-07-03,2009-07-06,27.481004,93.821488,1.0,6.0,0.0,Torrential Rain,India,News
3530.0,2009-08-18,2009-08-27,26.817651,94.142952,1.0,0.0,300000.0,Monsoon Rain,India,0
3551.0,2009-09-25,2009-10-12,15.708107,78.232999,2.0,303.0,0.0,Heavy Rain,India,0
3553.0,2009-10-04,2009-10-12,29.81192,80.763928,2.0,45.0,0.0,Heavy Rain,Nepal,0
3633.0,2010-03-27,2010-04-07,22.152795,89.509928,1.0,104.0,0.0,Heavy Rain,Bangladesh,0
3636.0,2010-04-18,2010-04-21,26.316584,91.862265,2.0,0.0,300.0,Heavy Rain,India,0
3650.0,2010-05-15,2010-06-26,26.638053,93.122627,1.5,0.0,10000.0,Monsoonal Rain,India,0
3652.0,2010-05-18,2010-05-24,15.21825,79.484382,1.0,27.0,50000.0,Heavy rain,India,0
3658.0,2010-06-06,2010-06-07,25.117454,67.905172,1.0,23.0,4000.0,Tropical Cyclone Phet,Pakistan,0
3662.0,2010-06-15,2010-06-26,22.280362,94.010494,1.0,60.0,0.0,Monsoonal Rain,Myanmar,0
3674.0,2010-07-05,2010-07-15,30.18952,74.778484,1.0,98.0,523000.0,Monsoonal Rain,India,0
3679.0,2010-07-01,2010-07-13,23.994863,90.035505,1.0,0.0,600000.0,Monsoonal Rain,Bangladesh,0
3696.0,2010-07-27,2010-11-15,33.363388,73.257885,2.0,1750.0,10000000.0,Monsoonal Rain,Pakistan,News
3713.0,2010-09-05,2010-09-17,26.234999,92.250001,1.5,1.0,30000.0,Torrential Rains,Inda,News
3716.0,2010-09-09,2010-09-30,25.424999,89.640001,1.5,0.0,140000.0,Monsoon Rains,Bangladesh,News
3717.0,2010-09-18,2010-09-30,26.729999,82.845001,1.5,88.0,15000.0,Monsoon Rains,India,News
3732.0,2010-10-01,2010-10-12,24.209999,91.035001,1.5,15.0,500000.0,Heavy Rain and Storm Surge,Bangladesh,News
3843.0,2011-07-21,2011-07-29,22.564135,89.046349,1.5,6.0,10000.0,Monsoonal Rain,Bangladesh,News
3854.0,2011-08-15,2011-10-02,26.375467,86.242215,2.0,158.0,70000.0,Monsoonal Rain,India,News
3856.0,2011-08-15,2011-09-08,26.589671,92.181547,1.5,7.0,11000.0,Monsoonal Rain,India,News
3857.0,2011-08-12,2011-11-01,25.012345,69.066891,1.5,434.0,660000.0,Monsoonal Rain,Pakistan,News
3864.0,2011-08-25,2011-09-13,22.30208,73.953105,1.5,0.0,5000.0,Monsoonal Rain,India,News
3866.0,2011-09-05,2011-10-02,20.651119,86.002162,1.5,40.0,15000.0,Monsoonal Rain,India,News
3960.0,2012-08-03,2012-08-06,19.439848,82.321565,1.0,0.0,2000.0,Monsoonal Rain,India,News
3966.0,2012-08-16,2012-08-20,20.985523,82.796221,1.0,1.0,210.0,Monsoonal Rain,India,News
3974.0,2012-08-23,2012-08-29,35.030504,73.522165,1.5,26.0,1200.0,Monsoonal Rain,Pakistan,News
3983.0,2012-09-16,2012-09-18,31.306274,76.85692,2.0,45.0,200.0,Torrential Rain,India,News
3984.0,2012-09-10,2012-10-29,28.044522,68.775576,1.5,400.0,742000.0,Monsoonal Rain,Pakistan,News
4001.0,2012-11-04,2012-11-08,11.828347,78.804243,2.0,40.0,70000.0,Tropical Storm Nilam,India,News
4078.0,2013-08-01,2013-08-07,32.814392,70.637704,1.5,135.0,81000.0,Heavy Rain,Pakistan,News
4082.0,2013-08-07,2013-08-21,28.740393,69.106502,1.5,70.0,12000.0,"Monsoon Rain, began with #4078",Pakistan,News
4098.0,2013-10-12,2013-11-10,24.717423,85.932081,1.5,7.0,0.0,Heavy Rain,India,News
4154.0,2014-06-23,2014-06-25,27.811455,94.716023,1.0,0.0,10000.0,Monsoonal Ran,India,News
4171.0,2014-08-11,2014-09-08,27.385201,79.758579,1.5,31.0,4000.0,Monsoonal Rain,India,News
4174.0,2014-08-14,2014-09-08,26.179465,86.253746,1.5,0.0,10000.0,Monsoonal Rain,India,News
4176.0,2014-08-15,2014-09-08,27.613202,94.654164,1.0,1.0,75000.0,Monsoonal Rain,India,News
4178.0,2014-08-20,2014-09-08,24.566128,90.633346,1.5,17.0,500000.0,Monsoonal Rain,Bangladesh,News
4179.0,2014-09-01,2014-10-11,33.944858,75.341864,2.0,300.0,30000.0,Monoonal Rain,Pakistan,News
4188.0,2014-09-24,2014-10-11,26.746527,92.489108,1.5,59.0,30000.0,Monsoonal rain,India,News
4198.0,2014-10-12,2014-10-27,18.447297,79.69672,1.5,42.0,0.0,Tropical Storm Hudhug,India,News
4239.0,2015-03-20,2015-03-31,33.17674,76.405834,1.5,44.0,2907.0,Heavy Rain,India,News
4251.0,2015-05-17,2015-05-21,10.712137,79.177106,1.0,8.0,200.0,Torrential Rain,India,News
4259.0,2015-06-02,2015-06-29,26.919545,93.874744,1.5,3.0,9000.0,Monsoonal Rain,India,News
4265.0,2015-06-24,2015-06-29,21.873364,70.764317,1.5,81.0,9000.0,Monsoonal Rain,India,News
4272.0,2015-07-15,2015-08-19,34.343166,72.27367,1.5,166.0,803000.0,Monsoonal Rain,Pakistan,News
4282.0,2015-07-15,2015-08-19,26.20738,82.616452,2.0,206.0,300000.0,Monsoonal Rain and Tropical Storm K,India,News
4283.0,2015-07-15,2015-08-19,20.174691,95.532558,2.0,88.0,85400.0,Monsoonal Rain,Myanmar,News
4288.0,2015-08-13,2015-09-11,26.894603,93.751026,1.0,5.0,18000.0,Monsoonal Rain,India,News
4309.0,2015-11-10,2015-12-04,11.827777,78.855441,2.0,180.0,400000.0,Tropical Storm Rovan,India,News
4339.0,2016-03-12,2016-04-13,33.054515,71.7788,1.5,121.0,2400.0,Heavy Rain,Pakistan,News
4355.0,2016-04-20,2016-05-01,27.463976,95.606788,1.5,18.0,3000.0,Heavy Rain,India,Flood List
4365.0,2016-06-01,2016-08-16,18.315771,95.260379,2.0,16.0,25000.0,Monsoonal Rain,Myanmar,News
4378.0,2016-07-07,2016-08-03,22.810744,80.83492,1.5,20.0,15000.0,Monsoonal Rain,India,News
4382.0,2016-07-25,2016-08-26,24.095044,90.039502,1.5,42.0,25000.0,Monsoonal Rain,Bangladesh,News
4390.0,2016-08-15,2016-08-26,26.347448,96.868707,1.0,0.0,0.0,Monsoonal Rain,Thailand,News
4459.0,2017-03-30,2017-04-18,24.317835,90.682833,1.0,0.0,0.0,Heavy Rain,Bangladesh,News
4483.0,2017-06-02,2017-07-03,27.613121,94.938714,1.0,6.0,113.0,Monsoonal Rain,India,News
4499.0,2017-07-27,2017-08-10,22.906125,88.084765,1.0,39.0,47000.0,Monsoonal Rain,India,News
4507.0,2017-08-10,2017-08-26,28.16566,79.076049,2.0,253.0,422106.0,Monsoonal Rain,India,News
4508.0,2017-08-10,2017-08-26,24.591169,90.014758,1.5,117.0,300000.0,Monsoonal Rain,Bangladesh,News
