Dataset,Stage,Column,Dtype,Rows,Missing,Missing_Pct,Unique,Min,Max
Historical_rainfall,Before,date,str,6940,0,0.0,6940,,
Historical_rainfall,Before,rainfall_mm,float64,6940,0,0.0,6940,0.0020109316104576,15.130785687892612
Historical_runoff,Before,system:index,int64,6940,0,0.0,6940,20000101.0,20181231.0
Historical_runoff,Before,date,str,6940,0,0.0,6940,,
Historical_runoff,Before,runoff_m,float64,6940,0,0.0,6940,0.00014740917860662996,0.0073736190570035
Historical_runoff,Before,sub_surface_runoff_m,float64,6940,0,0.0,6940,0.000101536007887616,0.004183940969873
Historical_runoff,Before,surface_runoff_m,float64,6940,0,0.0,6940,5.163686275211858e-06,0.0038101482235589
Historical_runoff,Before,.geo,str,6940,0,0.0,1,,
Historical_soil_moisture,Before,system:index,int64,6940,0,0.0,6940,20000101.0,20181231.0
Historical_soil_moisture,Before,date,str,6940,0,0.0,6940,,
Historical_soil_moisture,Before,volumetric_soil_water_layer_1,float64,6940,0,0.0,6940,0.1852020097148,0.3834588547713576
Historical_soil_moisture,Before,volumetric_soil_water_layer_2,float64,6940,0,0.0,6940,0.2261187885635676,0.3862823298153864
Historical_soil_moisture,Before,volumetric_soil_water_layer_3,float64,6940,0,0.0,6940,0.2471778028220156,0.3744523629197235
Historical_soil_moisture,Before,volumetric_soil_water_layer_4,float64,6940,0,0.0,6940,0.3020694871025864,0.362910437508398
Historical_soil_moisture,Before,.geo,str,6940,0,0.0,1,,
Historical_humidity,Before,system:index,int64,6940,0,0.0,6940,20000101.0,20181231.0
Historical_humidity,Before,date,str,6940,0,0.0,6940,,
Historical_humidity,Before,dewpoint_C,float64,6940,0,0.0,6940,-8.738030398348242,16.477241829117588
Historical_humidity,Before,dewpoint_max_C,float64,6940,0,0.0,6940,-5.333932833163111,18.027706497670167
Historical_humidity,Before,dewpoint_min_C,float64,6940,0,0.0,6940,-12.115734756164656,15.171419189577678
Historical_humidity,Before,.geo,str,6940,0,0.0,1,,
Historical_pressure,Before,system:index,int64,6940,0,0.0,6940,20000101.0,20181231.0
Historical_pressure,Before,date,str,6940,0,0.0,6940,,
Historical_pressure,Before,surface_pressure_hPa,float64,6940,0,0.0,6940,819.4275878392226,836.4837358531198
Historical_pressure,Before,surface_pressure_max_hPa,float64,6940,0,0.0,6940,820.8910889735894,838.305019423854
Historical_pressure,Before,surface_pressure_min_hPa,float64,6940,0,0.0,6940,817.5372627062176,834.8688393823428
Historical_pressure,Before,.geo,str,6940,0,0.0,1,,
Historical_temperature,Before,date,str,6940,0,0.0,6940,,
Historical_temperature,Before,temperature_avg_C,float64,6940,0,0.0,6940,2.7282134627237724,22.647426515649727
Historical_temperature,Before,temperature_min_C,float64,6940,0,0.0,6940,-3.5662709800052426,17.864275041142434
Historical_temperature,Before,temperature_max_C,float64,6940,0,0.0,6940,8.481172506405187,28.546068846461537
Historical_evaporation,Before,system:index,int64,6940,0,0.0,6940,20000101.0,20181231.0
Historical_evaporation,Before,date,str,6940,0,0.0,6940,,
Historical_evaporation,Before,total_evaporation_m,float64,6940,0,0.0,6940,-0.003183100101094,-0.0006324816636654582
Historical_evaporation,Before,.geo,str,6940,0,0.0,1,,
Historical_wind,Before,system:index,int64,6940,0,0.0,6940,20000101.0,20181231.0
Historical_wind,Before,date,str,6940,0,0.0,6940,,
Historical_wind,Before,u_component_of_wind_10m,float64,6940,0,0.0,6940,-0.8174037979054829,1.992641523122227
Historical_wind,Before,v_component_of_wind_10m,float64,6940,0,0.0,6940,-0.8687023644122348,1.622801748234311
Historical_wind,Before,wind_speed_ms,float64,6940,0,0.0,6940,0.9307274935281792,3.213399992455377
Historical_wind,Before,.geo,str,6940,0,0.0,1,,
Historical_Merged,After,date,datetime64[us],6940,0,0.0,6940,,
Historical_Merged,After,rainfall_mm,float64,6940,0,0.0,6940,0.0020109316104576,15.130785687892612
Historical_Merged,After,runoff_m,float64,6940,0,0.0,6940,0.00014740917860662996,0.0073736190570035
Historical_Merged,After,sub_surface_runoff_m,float64,6940,0,0.0,6940,0.000101536007887616,0.004183940969873
Historical_Merged,After,surface_runoff_m,float64,6940,0,0.0,6940,5.163686275211858e-06,0.0038101482235589
Historical_Merged,After,volumetric_soil_water_layer_1,float64,6940,0,0.0,6940,0.1852020097148,0.3834588547713576
Historical_Merged,After,volumetric_soil_water_layer_2,float64,6940,0,0.0,6940,0.2261187885635676,0.3862823298153864
Historical_Merged,After,volumetric_soil_water_layer_3,float64,6940,0,0.0,6940,0.2471778028220156,0.3744523629197235
Historical_Merged,After,volumetric_soil_water_layer_4,float64,6940,0,0.0,6940,0.3020694871025864,0.362910437508398
Historical_Merged,After,dewpoint_C,float64,6940,0,0.0,6940,-8.738030398348242,16.477241829117588
Historical_Merged,After,dewpoint_max_C,float64,6940,0,0.0,6940,-5.333932833163111,18.027706497670167
Historical_Merged,After,dewpoint_min_C,float64,6940,0,0.0,6940,-12.115734756164656,15.171419189577678
Historical_Merged,After,surface_pressure_hPa,float64,6940,0,0.0,6940,819.4275878392226,836.4837358531198
Historical_Merged,After,surface_pressure_max_hPa,float64,6940,0,0.0,6940,820.8910889735894,838.305019423854
Historical_Merged,After,surface_pressure_min_hPa,float64,6940,0,0.0,6940,817.5372627062176,834.8688393823428
Historical_Merged,After,temperature_avg_C,float64,6940,0,0.0,6940,2.7282134627237724,22.647426515649727
Historical_Merged,After,temperature_min_C,float64,6940,0,0.0,6940,-3.5662709800052426,17.864275041142434
Historical_Merged,After,temperature_max_C,float64,6940,0,0.0,6940,8.481172506405187,28.546068846461537
Historical_Merged,After,total_evaporation_m,float64,6940,0,0.0,6940,0.0006324816636654582,0.003183100101094
Historical_Merged,After,u_component_of_wind_10m,float64,6940,0,0.0,6940,-0.8174037979054829,1.992641523122227
Historical_Merged,After,v_component_of_wind_10m,float64,6940,0,0.0,6940,-0.8687023644122348,1.622801748234311
Historical_Merged,After,wind_speed_ms,float64,6940,0,0.0,6940,0.9307274935281792,3.213399992455377
NASA_Multi,Before,date,str,81824,0,0.0,2557,,
NASA_Multi,Before,state,str,81824,0,0.0,29,,
NASA_Multi,Before,city,str,81824,0,0.0,32,,
NASA_Multi,Before,latitude,float64,81824,0,0.0,32,8.5241,34.0837
NASA_Multi,Before,longitude,float64,81824,0,0.0,32,72.5714,94.1086
NASA_Multi,Before,T2M,float64,81824,0,0.0,4322,-10.4,42.06
NASA_Multi,Before,T2M_MAX,float64,81824,0,0.0,4534,-3.67,48.81
NASA_Multi,Before,T2M_MIN,float64,81824,0,0.0,4135,-18.97,35.75
NASA_Multi,Before,T2MDEW,float64,81824,0,0.0,3936,-18.41,28.09
NASA_Multi,Before,RH2M,float64,81824,0,0.0,8432,5.35,99.96
NASA_Multi,Before,WS10M,float64,81824,0,0.0,974,0.34,14.42
NASA_Multi,Before,PS,float64,81824,0,0.0,1834,68.35,101.96
NASA_Multi,Before,PRECTOTCORR,float64,81824,0,0.0,4767,0.0,262.43
NASA_Point,Before,YEAR,int64,2557,0,0.0,7,2019.0,2025.0
NASA_Point,Before,DOY,int64,2557,0,0.0,366,1.0,366.0
NASA_Point,Before,T2M,float64,2557,0,0.0,1140,18.7,36.7
NASA_Point,Before,T2M_MAX,float64,2557,0,0.0,1248,23.91,45.84
NASA_Point,Before,T2M_MIN,float64,2557,0,0.0,1094,11.85,31.6
NASA_Point,Before,T2MDEW,float64,2557,0,0.0,1011,1.11,26.63
NASA_Point,Before,RH2M,float64,2557,0,0.0,1905,28.08,95.57
NASA_Point,Before,WS10M,float64,2557,0,0.0,487,0.59,10.14
NASA_Point,Before,PS,float64,2557,0,0.0,203,98.47,100.59
NASA_Point,Before,PRECTOTCORR,float64,2557,0,0.0,815,0.0,124.64
NASA_Multi,After,date,datetime64[us],81824,0,0.0,2557,,
NASA_Multi,After,state,str,81824,0,0.0,29,,
NASA_Multi,After,city,str,81824,0,0.0,32,,
NASA_Multi,After,latitude,float64,81824,0,0.0,32,8.5241,34.0837
NASA_Multi,After,longitude,float64,81824,0,0.0,32,72.5714,94.1086
NASA_Multi,After,T2M,float64,81824,0,0.0,4322,-10.4,42.06
NASA_Multi,After,T2M_MAX,float64,81824,0,0.0,4534,-3.67,48.81
NASA_Multi,After,T2M_MIN,float64,81824,0,0.0,4135,-18.97,35.75
NASA_Multi,After,T2MDEW,float64,81824,0,0.0,3936,-18.41,28.09
NASA_Multi,After,RH2M,float64,81824,0,0.0,8432,5.35,99.96
NASA_Multi,After,WS10M,float64,81824,0,0.0,974,0.34,14.42
NASA_Multi,After,PS,float64,81824,0,0.0,1834,68.35,101.96
NASA_Multi,After,PRECTOTCORR,float64,81824,0,0.0,4767,0.0,262.43
NASA_Point,After,T2M,float64,2557,0,0.0,1140,18.7,36.7
NASA_Point,After,T2M_MAX,float64,2557,0,0.0,1248,23.91,45.84
NASA_Point,After,T2M_MIN,float64,2557,0,0.0,1094,11.85,31.6
NASA_Point,After,T2MDEW,float64,2557,0,0.0,1011,1.11,26.63
NASA_Point,After,RH2M,float64,2557,0,0.0,1905,28.08,95.57
NASA_Point,After,WS10M,float64,2557,0,0.0,487,0.59,10.14
NASA_Point,After,PS,float64,2557,0,0.0,203,98.47,100.59
NASA_Point,After,PRECTOTCORR,float64,2557,0,0.0,815,0.0,124.64
NASA_Point,After,date,datetime64[us],2557,0,0.0,2557,,
Flood_Events_GFD,Before,system:index,str,142,0,0.0,142,,
Flood_Events_GFD,Before,country,str,142,0,0.0,28,,
Flood_Events_GFD,Before,country_code,str,142,0,0.0,28,,
Flood_Events_GFD,Before,deaths,float64,142,0,0.0,91,0.0,100000.0
Flood_Events_GFD,Before,displaced_people,float64,142,0,0.0,67,0.0,40000000.0
Flood_Events_GFD,Before,event_id,float64,142,0,0.0,142,1641.0,4508.0
Flood_Events_GFD,Before,gfd_country_name,str,142,0,0.0,32,,
Flood_Events_GFD,Before,glide_index,str,142,104,73.23943661971832,37,,
Flood_Events_GFD,Before,latitude,float64,142,0,0.0,142,10.712137,35.030504
Flood_Events_GFD,Before,longitude,float64,142,0,0.0,142,67.90249,100.163684
Flood_Events_GFD,Before,main_cause,str,142,0,0.0,22,,
Flood_Events_GFD,Before,other_country,str,142,123,86.61971830985915,7,,
Flood_Events_GFD,Before,primary_country,str,142,0,0.0,9,,
Flood_Events_GFD,Before,severity,float64,142,0,0.0,3,1.0,2.0
Flood_Events_GFD,Before,validation_type,str,142,0,0.0,3,,
Flood_Events_GFD,Before,.geo,str,142,0,0.0,1,,
Flood_Events_Cleaned,After,event_id,float64,142,0,0.0,142,1641.0,4508.0
Flood_Events_Cleaned,After,start_date,datetime64[us],142,0,0.0,134,,
Flood_Events_Cleaned,After,end_date,datetime64[us],142,0,0.0,122,,
Flood_Events_Cleaned,After,latitude,float64,142,0,0.0,142,10.712137,35.030504
Flood_Events_Cleaned,After,longitude,float64,142,0,0.0,142,67.90249,100.163684
Flood_Events_Cleaned,After,severity,float64,142,0,0.0,3,1.0,2.0
Flood_Events_Cleaned,After,deaths,float64,142,0,0.0,91,0.0,100000.0
Flood_Events_Cleaned,After,displaced_people,float64,142,0,0.0,67,0.0,40000000.0
Flood_Events_Cleaned,After,main_cause,str,142,0,0.0,22,,
Flood_Events_Cleaned,After,primary_country,str,142,0,0.0,9,,
Flood_Events_Cleaned,After,validation_type,str,142,0,0.0,3,,
