system:index,country,country_code,deaths,displaced_people,event_id,gfd_country_name,glide_index,latitude,longitude,main_cause,other_country,primary_country,severity,validation_type,.geo
DFO_1641_From_20000918_to_20001021,"China, India, Nepal, Bangladesh, Bhutan","['BM', 'BG', 'IN', 'CH', 'BT', 'UU', 'NP']",1468.0,2.4E7,1641.0,"['BURMA', 'BANGLADESH', 'INDIA', 'CHINA', 'BHUTAN', 'In dispute BHUTAN/CHINA', 'In dispute CHINA/INDIA', 'NEPAL', 'In dispute INDIA/NEPAL']",NA,24.084064,88.5453,Monsoonal rain,NA,India,2.0,News,"{""type"":""MultiPoint"",""coordinates"":[]}"
DFO_1747_From_20010708_to_20010810,"India, Bangladesh","['BG', 'IN']",100.0,2000000.0,1747.0,"['BANGLADESH', 'INDIA']",NA,21.055916,84.798732,Monsoonal rain,NA,India,2.0,News,"{""type"":""MultiPoint"",""coordinates"":[]}"
DFO_1789_From_20010820_to_20010911,"China, India, Nepal, Bangladesh","['BG', 'IN', 'CH', 'UU', 'NP']",65.0,300000.0,1789.0,"['BANGLADESH', 'INDIA', 'CHINA', 'In dispute CHINA/INDIA', 'NEPAL', 'In dispute INDIA/NEPAL']",NA,26.755588,83.051328,Heavy rain,NA,India,1.0,News,"{""type"":""MultiPoint"",""coordinates"":[]}"
DFO_1791_From_20010907_to_20010924,"China, India, Nepal, Bangladesh","['BG', 'IN', 'CH', 'UU', 'NP']",146.0,30000.0,1791.0,"['BANGLADESH', 'INDIA', 'CHINA', 'In dispute CHINA/INDIA', 'NEPAL', 'In dispute INDIA/NEPAL']",NA,26.532079,84.869961,Heavy rain,NA,India,1.0,News,"{""type"":""MultiPoint"",""coordinates"":[]}"
DFO_1974_From_20020621_to_20020828,"China, India, Myanmar (Burma), Nepal, Bangladesh, Bhutan","['BM', 'BG', 'IN', 'CH', 'BT', 'UU', 'NP']",503.0,1.5E7,1974.0,"['BURMA', 'BANGLADESH', 'INDIA', 'CHINA', 'BHUTAN', 'In dispute BHUTAN/CHINA', 'In dispute CHINA/INDIA', 'NEPAL', 'In dispute INDIA/NEPAL']",NA,25.841781,89.269578,Monsoonal rain,Bangledesh,India,1.0,News,"{""type"":""MultiPoint"",""coordinates"":[]}"
DFO_1980_From_20020707_to_20020709,"China, India, Nepal","['BG', 'IN', 'CH', 'UU', 'NP']",0.0,0.0,1980.0,"['BANGLADESH', 'INDIA', 'CHINA', 'In dispute CHINA/INDIA', 'NEPAL', 'In dispute INDIA/NEPAL']",NA,27.57515,83.355221,Heavy rain,NA,Nepal,1.0,News,"{""type"":""MultiPoint"",""coordinates"":[]}"
DFO_1999_From_20020721_to_20020815,"China, India, Nepal, Bangladesh","['BG', 'IN', 'CH', 'UU', 'NP']",380.0,250000.0,1999.0,"['BANGLADESH', 'INDIA', 'CHINA', 'In dispute CHINA/INDIA', 'NEPAL', 'In dispute INDIA/NEPAL']",NA,27.696051,85.306497,Monsoonal rain,NA,Nepal,1.0,News,"{""type"":""MultiPoint"",""coordinates"":[]}"
DFO_2041_From_20020817_to_20020904,"China, India, Myanmar (Burma)","['BM', 'IN', 'CH']",0.0,5000.0,2041.0,"['BURMA', 'INDIA', 'CHINA']",NA,22.418744,95.753361,Monsoonal rain,NA,Burma,2.0,News,"{""type"":""MultiPoint"",""coordinates"":[]}"
DFO_2049_From_20020903_to_20020906,India,['IN'],22.0,5000.0,2049.0,['INDIA'],NA,21.539107,73.220062,Monsoonal rain,NA,India,1.0,News,"{""type"":""MultiPoint"",""coordinates"":[]}"
DFO_2160_From_20030216_to_20030222,"India, Pakistan, Afghanistan, Iran","['IN', 'AF', 'PK', 'IR']",20.0,3000.0,2160.0,"['INDIA', 'AFGHANISTAN', 'PAKISTAN', 'IRAN']",NA,27.524729,68.067654,Heavy rain,Afghanistan,Pakistan,1.0,News,"{""type"":""MultiPoint"",""coordinates"":[]}"
DFO_2248_From_20030611_to_20031010,"China, India, Myanmar (Burma), Pakistan, Nepal, Bangladesh, Bhutan","['BM', 'BG', 'IN', 'CH', 'BT', 'UU', 'PK', 'NP']",600.0,9500000.0,2248.0,"['BURMA', 'BANGLADESH', 'INDIA', 'CHINA', 'BHUTAN', 'In dispute BHUTAN/CHINA', 'PAKISTAN', 'In dispute CHINA/INDIA', 'NEPAL', 'In dispute INDIA/NEPAL']",NA,26.170616,90.853814,Monsoonal rain,India,Bangladesh,2.0,News,"{""type"":""MultiPoint"",""coordinates"":[]}"
DFO_2257_From_20030619_to_20030703,"India, Myanmar (Burma), Bangladesh","['BM', 'BG', 'IN']",55.0,20000.0,2257.0,"['BURMA', 'BANGLADESH', 'INDIA']",NA,21.923872,91.932656,Monsoonal rain,NA,Bangladesh,1.0,News,"{""type"":""MultiPoint"",""coordinates"":[]}"
DFO_2276_From_20030702_to_20030901,"China, India, Myanmar (Burma), Bangladesh","['BM', 'BG', 'IN', 'CH']",0.0,0.0,2276.0,"['BURMA', 'BANGLADESH', 'INDIA', 'CHINA']",NA,20.574716,95.503476,Monsoonal rain,NA,Burma,1.0,News,"{""type"":""MultiPoint"",""coordinates"":[]}"
DFO_2279_From_20030715_to_20030901,"China, India, Pakistan, Afghanistan, Nepal, Bangladesh","['BG', 'IN', 'CH', 'AF', 'PK', 'UU', 'NP']",285.0,900000.0,2279.0,"['BANGLADESH', 'INDIA', 'CHINA', 'AFGHANISTAN', 'PAKISTAN', 'In dispute CHINA/INDIA', 'NEPAL', 'In dispute INDIA/NEPAL']",NA,28.731898,72.2101,Monsoonal rain,India,Pakistan,1.0,News,"{""type"":""MultiPoint"",""coordinates"":[]}"
DFO_2338_From_20030827_to_20031020,"India, Bangladesh","['BG', 'IN']",67.0,3000000.0,2338.0,"['BANGLADESH', 'INDIA']",NA,20.625759,85.893641,Monsoonal rain,NA,India,1.0,News,"{""type"":""MultiPoint"",""coordinates"":[]}"
DFO_2473_From_20040414_to_20040503,"China, India, Myanmar (Burma), Bangladesh, Bhutan","['BM', 'BG', 'IN', 'CH', 'BT', 'UU', 'NP']",12.0,50000.0,2473.0,"['BURMA', 'BANGLADESH', 'INDIA', 'CHINA', 'BHUTAN', 'In dispute BHUTAN/CHINA', 'NEPAL']",NA,24.894242,91.694661,Heavy rain,India,Bangladesh,1.0,News,"{""type"":""MultiPoint"",""coordinates"":[]}"
DFO_2507_From_20040620_to_20041007,"China, India, Myanmar (Burma), Nepal, Bangladesh, Bhutan","['TH', 'BM', 'BG', 'IN', 'CH', 'BT', 'UU', 'NP']",3000.0,4.0E7,2507.0,"['THAILAND', 'BURMA', 'BANGLADESH', 'INDIA', 'CHINA', 'BHUTAN', 'In dispute BHUTAN/CHINA', 'In dispute CHINA/INDIA', 'NEPAL', 'In dispute INDIA/NEPAL']",NA,25.498908,85.891802,Monsoonal rain,Bangladesh,India,2.0,News,"{""type"":""MultiPoint"",""coordinates"":[]}"
DFO_2519_From_20040705_to_20040811,"China, India, Nepal, Bangladesh","['BG', 'IN', 'CH', 'BT', 'UU', 'NP']",185.0,100000.0,2519.0,"['BANGLADESH', 'INDIA', 'CHINA', 'BHUTAN', 'In dispute BHUTAN/CHINA', 'In dispute CHINA/INDIA', 'NEPAL', 'In dispute INDIA/NEPAL']",NA,27.086351,86.252493,Monsoonal rain,Bhutan,Nepal,1.0,News,"{""type"":""MultiPoint"",""coordinates"":[]}"
DFO_2570_From_20041007_to_20041018,"China, India, Nepal, Bangladesh, Bhutan","['BM', 'BG', 'IN', 'CH', 'BT', 'UU', 'NP']",210.0,100000.0,2570.0,"['BURMA', 'BANGLADESH', 'INDIA', 'CHINA', 'BHUTAN', 'In dispute BHUTAN/CHINA', 'In dispute CHINA/INDIA', 'NEPAL', 'In dispute INDIA/NEPAL']",NA,24.686228,89.400194,Heavy rain,Bangladesh,India,1.0,News,"{""type"":""MultiPoint"",""coordinates"":[]}"
DFO_2657_From_20050525_to_20050528,"India, Bangladesh","['BM', 'BG', 'IN']",13.0,50000.0,2657.0,"['BURMA', 'BANGLADESH', 'INDIA']",NA,24.598004,91.64239,Heavy rain,NA,Bangladesh,1.0,News,"{""type"":""MultiPoint"",""coordinates"":[]}"
DFO_2676_From_20050623_to_20050630,"China, India, Nepal, Bangladesh, Bhutan","['BG', 'IN', 'CH', 'BT', 'UU', 'NP']",5.0,70000.0,2676.0,"['BANGLADESH', 'INDIA', 'CHINA', 'BHUTAN', 'In dispute BHUTAN/CHINA', 'In dispute CHINA/INDIA', 'NEPAL', 'In dispute INDIA/NEPAL']",NA,25.961407,89.11453,Monsoonal rain,NA,Bangladesh,1.0,News,"{""type"":""MultiPoint"",""coordinates"":[]}"
DFO_2680_From_20050628_to_20050715,"India, Pakistan","['IN', 'PK']",202.0,500000.0,2680.0,"['INDIA', 'PAKISTAN']",NA,21.43303,73.07388,Monsoonal rain,NA,India,2.0,News,"{""type"":""MultiPoint"",""coordinates"":[]}"
DFO_2686_From_20050702_to_20050715,"China, India, Nepal, Bangladesh","['BG', 'IN', 'CH', 'UU', 'NP']",62.0,49000.0,2686.0,"['BANGLADESH', 'INDIA', 'CHINA', 'In dispute CHINA/INDIA', 'NEPAL', 'In dispute INDIA/NEPAL']",NA,24.128785,80.199902,Monsoonal rain,NA,India,1.0,News,"{""type"":""MultiPoint"",""coordinates"":[]}"
DFO_2689_From_20050705_to_20050814,"China, India, Pakistan, Afghanistan, Nepal, Bangladesh","['BG', 'IN', 'CH', 'UU', 'AF', 'PK', 'NP']",40.0,452000.0,2689.0,"['BANGLADESH', 'INDIA', 'CHINA', 'In dispute CHINA/INDIA', 'AFGHANISTAN', 'PAKISTAN', 'NEPAL', 'In dispute INDIA/NEPAL']",NA,30.922991,73.563738,Monsoonal rain,India,Pakistan,1.0,News,"{""type"":""MultiPoint"",""coordinates"":[]}"
DFO_2690_From_20050707_to_20050727,"China, India, Myanmar (Burma), Nepal, Bangladesh, Bhutan","['BM', 'BG', 'IN', 'CH', 'BT', 'UU', 'NP']",40.0,3000000.0,2690.0,"['BURMA', 'BANGLADESH', 'INDIA', 'CHINA', 'BHUTAN', 'In dispute BHUTAN/CHINA', 'In dispute CHINA/INDIA', 'NEPAL', 'In dispute INDIA/NEPAL']",NA,27.436259,87.012599,Monsoonal rain,Bangladesh,India,1.0,News,"{""type"":""MultiPoint"",""coordinates"":[]}"
DFO_2698_From_20050723_to_20050816,India,['IN'],126.0,100000.0,2698.0,['INDIA'],NA,16.977232,79.965416,Monsoonal rain,NA,India,1.0,News,"{""type"":""MultiPoint"",""coordinates"":[]}"
DFO_2718_From_20050826_to_20050830,"China, India, Nepal, Bangladesh","['BG', 'IN', 'CH', 'UU', 'NP']",21.0,0.0,2718.0,"['BANGLADESH', 'INDIA', 'CHINA', 'In dispute CHINA/INDIA', 'NEPAL', 'In dispute INDIA/NEPAL']",NA,25.885963,83.211491,Heavy rain,NA,India,1.0,News,"{""type"":""MultiPoint"",""coordinates"":[]}"
DFO_2728_From_20050914_to_20050930,"India, Bangladesh","['BG', 'IN']",89.0,550000.0,2728.0,"['BANGLADESH', 'INDIA']",NA,21.113878,82.538893,Heavy rain,NA,India,1.0,News,"{""type"":""MultiPoint"",""coordinates"":[]}"
DFO_2731_From_20050916_to_20051005,"China, India, Pakistan, Nepal, Bangladesh","['BG', 'IN', 'CH', 'PK', 'UU', 'NP']",23.0,0.0,2731.0,"['BANGLADESH', 'INDIA', 'CHINA', 'PAKISTAN', 'In dispute CHINA/INDIA', 'NEPAL', 'In dispute INDIA/NEPAL']",NA,28.197268,79.373434,Monsoonal rain,NA,India,1.0,News,"{""type"":""MultiPoint"",""coordinates"":[]}"
DFO_2734_From_20050922_to_20051011,India,['IN'],15.0,0.0,2734.0,['INDIA'],NA,21.713895,73.473279,Heavy rain,NA,India,1.0,News,"{""type"":""MultiPoint"",""coordinates"":[]}"
DFO_2737_From_20050925_to_20051002,"China, India, Nepal, Bangladesh","['BG', 'IN', 'CH', 'UU', 'NP']",51.0,1600.0,2737.0,"['BANGLADESH', 'INDIA', 'CHINA', 'In dispute CHINA/INDIA', 'NEPAL', 'In dispute INDIA/NEPAL']",NA,29.293795,80.547593,Monsoonal rain,NA,Nepal,1.0,News,"{""type"":""MultiPoint"",""coordinates"":[]}"
DFO_2747_From_20051003_to_20051022,"China, India, Nepal, Bangladesh, Bhutan","['BM', 'BG', 'IN', 'CH', 'BT', 'UU', 'NP']",19.0,100000.0,2747.0,"['BURMA', 'BANGLADESH', 'INDIA', 'CHINA', 'BHUTAN', 'In dispute BHUTAN/CHINA', 'In dispute CHINA/INDIA', 'NEPAL', 'In dispute INDIA/NEPAL']",NA,25.640627,88.977022,Heavy rain,NA,Bangladesh,1.0,News,"{""type"":""MultiPoint"",""coordinates"":[]}"
DFO_2754_From_20051021_to_20051028,"India, Bangladesh","['BG', 'IN']",13.0,3000000.0,2754.0,"['BANGLADESH', 'INDIA']",NA,21.940907,87.934687,Heavy rain,NA,India,1.0,News,"{""type"":""MultiPoint"",""coordinates"":[]}"
DFO_2758_From_20051023_to_20051209,India,['IN'],279.0,300000.0,2758.0,['INDIA'],NA,11.780352,78.731712,Monsoonal rain,NA,India,1.0,News,"{""type"":""MultiPoint"",""coordinates"":[]}"
DFO_2859_From_20060429_to_20060505,"China, India, Myanmar (Burma), Bangladesh","['BM', 'BG', 'IN', 'CH']",21.0,800.0,2859.0,"['BURMA', 'BANGLADESH', 'INDIA', 'CHINA']",NA,18.367934,94.945666,Tropical Cyclone,NA,Burma,1.0,News,"{""type"":""MultiPoint"",""coordinates"":[]}"
DFO_2879_From_20060531_to_20060724,"China, India, Myanmar (Burma), Nepal, Bangladesh, Bhutan","['BM', 'BG', 'IN', 'CH', 'BT', 'UU', 'NP']",21.0,600000.0,2879.0,"['BURMA', 'BANGLADESH', 'INDIA', 'CHINA', 'BHUTAN', 'In dispute BHUTAN/CHINA', 'In dispute CHINA/INDIA', 'NEPAL', 'In dispute INDIA/NEPAL']",FF-2006-000082-IND,26.599281,94.024532,Monsoonal rain,Bangladesh,India,1.0,News,"{""type"":""MultiPoint"",""coordinates"":[]}"
DFO_2894_From_20060624_to_20060803,"China, India, Nepal, Bangladesh, Bhutan","['BG', 'IN', 'CH', 'BT', 'UU', 'NP']",160.0,0.0,2894.0,"['BANGLADESH', 'INDIA', 'CHINA', 'BHUTAN', 'In dispute BHUTAN/CHINA', 'In dispute CHINA/INDIA', 'NEPAL', 'In dispute INDIA/NEPAL']",FL-2006-000096-IND,25.615074,83.671273,Monsoonal rain,Nepal,India,1.0,News,"{""type"":""MultiPoint"",""coordinates"":[]}"
DFO_2911_From_20060704_to_20060707,"India, Pakistan","['IN', 'PK']",24.0,8400.0,2911.0,"['INDIA', 'PAKISTAN']",NA,22.411409,71.309729,Heavy rain,NA,India,1.0,News,"{""type"":""MultiPoint"",""coordinates"":[]}"
DFO_2931_From_20060724_to_20060822,"China, India, Pakistan, Afghanistan","['IN', 'CH', 'UU', 'AF', 'PK', 'NP']",248.0,0.0,2931.0,"['INDIA', 'CHINA', 'In dispute CHINA/INDIA', 'AFGHANISTAN', 'PAKISTAN', 'In dispute INDIA/PAKISTAN', 'NEPAL']",NA,34.609786,73.199799,Monsoonal rain,India,Pakistan,1.0,News,"{""type"":""MultiPoint"",""coordinates"":[]}"
DFO_2935_From_20060728_to_20060912,"China, India, Pakistan, Nepal, Bangladesh","['BG', 'IN', 'CH', 'PK', 'UU', 'NP']",457.0,140000.0,2935.0,"['BANGLADESH', 'INDIA', 'CHINA', 'PAKISTAN', 'In dispute CHINA/INDIA', 'NEPAL', 'In dispute INDIA/NEPAL']",FL-2006-000137-IND,20.194292,73.824174,Monsoonal rain,Pakistan,India,2.0,News,"{""type"":""MultiPoint"",""coordinates"":[]}"
DFO_2940_From_20060801_to_20060910,"India, Bangladesh","['BG', 'IN']",185.0,2000000.0,2940.0,"['BANGLADESH', 'INDIA']",FL-2006-000117-IND,18.104598,81.52884,Monsoonal rain,NA,India,1.0,News,"{""type"":""MultiPoint"",""coordinates"":[]}"
DFO_2954_From_20060826_to_20060913,"China, India, Nepal, Bangladesh","['BG', 'IN', 'CH', 'UU', 'NP']",60.0,80000.0,2954.0,"['BANGLADESH', 'INDIA', 'CHINA', 'In dispute CHINA/INDIA', 'NEPAL', 'In dispute INDIA/NEPAL']",FL-2006-000127-NPL,28.694093,81.305997,Monsoonal rain,NA,Nepal,2.0,News,"{""type"":""MultiPoint"",""coordinates"":[]}"
DFO_2956_From_20060829_to_20060904,"China, India, Nepal, Bangladesh","['BG', 'IN', 'CH', 'UU', 'NP']",42.0,50000.0,2956.0,"['BANGLADESH', 'INDIA', 'CHINA', 'In dispute CHINA/INDIA', 'NEPAL', 'In dispute INDIA/NEPAL']",NA,27.585296,81.51737,Monsoonal rain,NA,India,1.0,News,"{""type"":""MultiPoint"",""coordinates"":[]}"
DFO_2958_From_20060831_to_20060911,"China, India, Pakistan, Afghanistan","['IN', 'CH', 'UU', 'AF', 'PK', 'NP']",39.0,3000.0,2958.0,"['INDIA', 'CHINA', 'In dispute CHINA/INDIA', 'AFGHANISTAN', 'PAKISTAN', 'NEPAL']",NA,32.886368,73.884164,Monsoonal rain,Pakistan,India,1.0,News,"{""type"":""MultiPoint"",""coordinates"":[]}"
DFO_2961_From_20060824_to_20060920,"China, India, Nepal, Bangladesh, Bhutan","['BG', 'IN', 'CH', 'BT', 'UU', 'NP']",0.0,0.0,2961.0,"['BANGLADESH', 'INDIA', 'CHINA', 'BHUTAN', 'In dispute BHUTAN/CHINA', 'In dispute CHINA/INDIA', 'NEPAL', 'In dispute INDIA/NEPAL']",FL-2006-000131-BGD,23.229479,89.272707,Monsoonal rain,NA,Bangladesh,1.0,News,"{""type"":""MultiPoint"",""coordinates"":[]}"
DFO_3097_From_20070611_to_20070624,"China, India, Myanmar (Burma), Bangladesh, Bhutan","['BM', 'BG', 'IN', 'CH', 'BT', 'UU', 'NP']",126.0,80000.0,3097.0,"['BURMA', 'BANGLADESH', 'INDIA', 'CHINA', 'BHUTAN', 'In dispute BHUTAN/CHINA', 'NEPAL']",LS-2007-000080-BGD,22.397464,91.953546,Monsoonal rain,,Bangladesh,1.0,News,"{""type"":""MultiPoint"",""coordinates"":[]}"
DFO_3100_From_20070615_to_20070618,"China, India, Nepal, Bangladesh","['BG', 'IN', 'CH', 'UU', 'NP']",0.0,400.0,3100.0,"['BANGLADESH', 'INDIA', 'CHINA', 'In dispute CHINA/INDIA', 'NEPAL', 'In dispute INDIA/NEPAL']",FF-2007-000081-NPL,26.948499,85.862693,Monsoonal rain,NA,Nepal,1.0,News,"{""type"":""MultiPoint"",""coordinates"":[]}"
DFO_3104_From_20070618_to_20070626,"China, India, Bangladesh, Bhutan","['BM', 'BG', 'IN', 'CH', 'BT', 'UU', 'NP']",15.0,200000.0,3104.0,"['BURMA', 'BANGLADESH', 'INDIA', 'CHINA', 'BHUTAN', 'In dispute BHUTAN/CHINA', 'NEPAL']",FF-2007-000083-IND,26.255772,94.018895,Monsoonal rain,NA,India,1.0,News,"{""type"":""MultiPoint"",""coordinates"":[]}"
DFO_3107_From_20070622_to_20070704,India,['IN'],127.0,200000.0,3107.0,['INDIA'],TC-2007-000084-IND,14.944966,78.161545,Monsoonal rain,NA,India,1.0,News,"{""type"":""MultiPoint"",""coordinates"":[]}"
DFO_3112_From_20070626_to_20070720,"India, Pakistan, Iran","['IN', 'PK', 'IR']",280.0,400000.0,3112.0,"['INDIA', 'PAKISTAN', 'IRAN']",TC-2007-000084-PAK,25.256271,67.90249,Tropical cyclone,NA,Pakistan,1.0,News,"{""type"":""MultiPoint"",""coordinates"":[]}"
DFO_3118_From_20070630_to_20070713,"India, Bangladesh","['BG', 'IN']",29.0,50000.0,3118.0,"['BANGLADESH', 'INDIA']",FL-2007-000096-IND,20.053869,81.860109,Monsoonal rain,NA,India,1.0,News,"{""type"":""MultiPoint"",""coordinates"":[]}"
DFO_3119_From_20070701_to_20070706,India,['IN'],62.0,10000.0,3119.0,['INDIA'],NA,21.026348,77.523744,Monsoonal rain,NA,India,1.0,News,"{""type"":""MultiPoint"",""coordinates"":[]}"
DFO_3120_From_20070701_to_20070713,"China, India, Pakistan, Nepal, Bangladesh","['BG', 'IN', 'CH', 'PK', 'UU', 'NP']",225.0,63000.0,3120.0,"['BANGLADESH', 'INDIA', 'CHINA', 'PAKISTAN', 'In dispute CHINA/INDIA', 'NEPAL', 'In dispute INDIA/NEPAL']",NA,22.023056,72.24951,Monsoonal rain,NA,India,1.0,News,"{""type"":""MultiPoint"",""coordinates"":[]}"
DFO_3122_From_20070703_to_20070922,"China, India, Nepal, Bangladesh, Bhutan","['BG', 'IN', 'CH', 'BT', 'UU', 'NP']",958.0,3000000.0,3122.0,"['BANGLADESH', 'INDIA', 'CHINA', 'BHUTAN', 'In dispute BHUTAN/CHINA', 'In dispute CHINA/INDIA', 'NEPAL', 'In dispute INDIA/NEPAL']",FL-2007-000096-IND,22.63148,88.487108,Monsoonal rain,NA,India,1.5,News,"{""type"":""MultiPoint"",""coordinates"":[]}"
DFO_3125_From_20070706_to_20070801,"China, India, Myanmar (Burma), Bangladesh","['TH', 'BM', 'BG', 'IN', 'CH']",0.0,3000.0,3125.0,"['THAILAND', 'BURMA', 'BANGLADESH', 'INDIA', 'CHINA']",NA,18.52419,95.317389,Monsoonal rain,NA,Burma,1.0,News,"{""type"":""MultiPoint"",""coordinates"":[]}"
DFO_3128_From_20070712_to_20071010,"China, India, Myanmar (Burma), Nepal, Bangladesh, Bhutan","['BM', 'BG', 'IN', 'CH', 'BT', 'UU', 'NP']",96.0,1.11E7,3128.0,"['BURMA', 'BANGLADESH', 'INDIA', 'CHINA', 'BHUTAN', 'In dispute BHUTAN/CHINA', 'In dispute CHINA/INDIA', 'NEPAL', 'In dispute INDIA/NEPAL']",NA,27.577302,95.262997,Monsoonal rain,NA,India,1.0,News,"{""type"":""MultiPoint"",""coordinates"":[]}"
DFO_3134_From_20070718_to_20070813,"China, India, Myanmar (Burma), Vietnam, Thailand","['TH', 'BM', 'IN', 'CH', 'LA', 'VM']",170.0,10000.0,3134.0,"['THAILAND', 'BURMA', 'INDIA', 'CHINA', 'LAOS', 'VIETNAM']",NA,24.098428,100.163684,Heavy rain,NA,China,1.0,News,"{""type"":""MultiPoint"",""coordinates"":[]}"
DFO_3136_From_20070721_to_20071015,"China, India, Myanmar (Burma), Nepal, Bangladesh, Bhutan","['BM', 'BG', 'IN', 'CH', 'BT', 'UU', 'NP']",1071.0,5000000.0,3136.0,"['BURMA', 'BANGLADESH', 'INDIA', 'CHINA', 'BHUTAN', 'In dispute BHUTAN/CHINA', 'In dispute CHINA/INDIA', 'NEPAL', 'In dispute INDIA/NEPAL']",NA,23.916419,91.233643,Monsoonal rain,,Bangladesh,1.0,News,"{""type"":""MultiPoint"",""coordinates"":[]}"
DFO_3143_From_20070723_to_20071002,"China, India, Nepal, Bangladesh","['BG', 'IN', 'CH', 'UU', 'NP']",185.0,86000.0,3143.0,"['BANGLADESH', 'INDIA', 'CHINA', 'In dispute CHINA/INDIA', 'NEPAL', 'In dispute INDIA/NEPAL']",FF-2007-000117-NPL,27.777213,84.080127,Monsoonal rain,NA,Nepal,1.0,News,"{""type"":""MultiPoint"",""coordinates"":[]}"
DFO_3150_From_20070803_to_20070827,"India, Bangladesh","['BG', 'IN']",15.0,20000.0,3150.0,"['BANGLADESH', 'INDIA']",NA,20.452499,86.19782,Monsoonal rain,NA,India,1.0,News,"{""type"":""MultiPoint"",""coordinates"":[]}"
DFO_3160_From_20070808_to_20070815,"India, Pakistan","['IN', 'PK']",12.0,0.0,3160.0,"['INDIA', 'PAKISTAN']",NA,22.682373,70.925042,Monsoonal rain,NA,India,1.0,News,"{""type"":""MultiPoint"",""coordinates"":[]}"
DFO_3162_From_20070810_to_20070813,"India, Pakistan","['IN', 'PK']",35.0,0.0,3162.0,"['INDIA', 'PAKISTAN']",NA,26.019152,68.825675,Monsoonal rain,NA,Pakistan,1.0,News,"{""type"":""MultiPoint"",""coordinates"":[]}"
DFO_3164_From_20070812_to_20070817,"China, India, Pakistan, Nepal, Bangladesh","['BG', 'IN', 'CH', 'UU', 'PK', 'NP']",76.0,15000.0,3164.0,"['BANGLADESH', 'INDIA', 'CHINA', 'In dispute CHINA/INDIA', 'PAKISTAN', 'In dispute INDIA/PAKISTAN', 'NEPAL', 'In dispute INDIA/NEPAL']",NA,31.238835,76.526785,Monsoonal rain,NA,India,1.0,News,"{""type"":""MultiPoint"",""coordinates"":[]}"
DFO_3169_From_20070814_to_20071004,"China, India, Myanmar (Burma), Bangladesh","['TH', 'BM', 'BG', 'IN', 'CH']",2.0,40000.0,3169.0,"['THAILAND', 'BURMA', 'BANGLADESH', 'INDIA', 'CHINA']",FL-2007-000146-MMR,16.962415,95.17279,Monsoonal rain,NA,Burma,1.0,News,"{""type"":""MultiPoint"",""coordinates"":[]}"
DFO_3191_From_20070916_to_20071007,India,['IN'],94.0,20000.0,3191.0,['INDIA'],NA,15.706741,79.877978,Monsoonal rain,NA,India,1.0,News,"{""type"":""MultiPoint"",""coordinates"":[]}"
DFO_3195_From_20070922_to_20071008,"India, Bangladesh","['BG', 'IN']",80.0,400000.0,3195.0,"['BANGLADESH', 'INDIA']",NA,20.909634,86.403285,Heavy rain,NA,India,1.0,News,"{""type"":""MultiPoint"",""coordinates"":[]}"
DFO_3208_From_20071017_to_20071024,"China, India, Myanmar (Burma), Bangladesh","['BM', 'BG', 'IN', 'CH']",2.0,30000.0,3208.0,"['BURMA', 'BANGLADESH', 'INDIA', 'CHINA']",NA,24.721405,93.970474,Heavy rain,NA,India,1.5,News,"{""type"":""MultiPoint"",""coordinates"":[]}"
DFO_3217_From_20071027_to_20071101,India,['IN'],29.0,50000.0,3217.0,['INDIA'],FL-2007-000203-IND,12.725021,79.700186,Heavy rain,NA,India,1.0,News,"{""type"":""MultiPoint"",""coordinates"":[]}"
DFO_3226_From_20071115_to_20071201,"India, Myanmar (Burma), Bangladesh","['BM', 'BG', 'IN']",3447.0,3000000.0,3226.0,"['BURMA', 'BANGLADESH', 'INDIA']",TC-2007-000208-BGD,22.610398,90.150761,Tropical cyclone,NA,Bangladesh,1.0,News,"{""type"":""MultiPoint"",""coordinates"":[]}"
DFO_3302_From_20080503_to_20080522,"China, India, Myanmar (Burma), Malaysia, Thailand, Singapore","['MY', 'TH', 'BM', 'IN', 'CH', 'SN']",100000.0,1500000.0,3302.0,"['MALAYSIA', 'THAILAND', 'BURMA', 'INDIA', 'CHINA', 'SINGAPORE']",TC-2008-000057-MMR,16.821377,95.971541,Tropical cyclone,,Burma,1.5,News,"{""type"":""MultiPoint"",""coordinates"":[]}"
DFO_3312_From_20080524_to_20080528,"China, India, Myanmar (Burma), Bangladesh, Bhutan","['BM', 'BG', 'IN', 'CH', 'BT', 'UU', 'NP']",0.0,0.0,3312.0,"['BURMA', 'BANGLADESH', 'INDIA', 'CHINA', 'BHUTAN', 'In dispute BHUTAN/CHINA', 'NEPAL']",NA,26.399977,93.754969,Heavy rain,NA,India,1.0,News,"{""type"":""MultiPoint"",""coordinates"":[]}"
DFO_3327_From_20080705_to_20080714,"China, India, Myanmar (Burma), Nepal, Bangladesh, Bhutan","['BM', 'BG', 'IN', 'CH', 'BT', 'UU', 'NP']",350.0,70000.0,3327.0,"['BURMA', 'BANGLADESH', 'INDIA', 'CHINA', 'BHUTAN', 'In dispute BHUTAN/CHINA', 'In dispute CHINA/INDIA', 'NEPAL', 'In dispute INDIA/NEPAL']",NA,25.241123,90.120056,Monsoon Rain,,India,1.5,News,"{""type"":""MultiPoint"",""coordinates"":[]}"
DFO_3338_From_20080720_to_20080808,"China, India, Nepal, Bangladesh, Bhutan","['BM', 'BG', 'IN', 'CH', 'BT', 'UU', 'NP']",142.0,225000.0,3338.0,"['BURMA', 'BANGLADESH', 'INDIA', 'CHINA', 'BHUTAN', 'In dispute BHUTAN/CHINA', 'In dispute CHINA/INDIA', 'NEPAL', 'In dispute INDIA/NEPAL']",,27.49945,89.78715,monsoonal rainfall,,India,2.0,News,"{""type"":""MultiPoint"",""coordinates"":[]}"
DFO_3356_From_20080805_to_20080811,India,['IN'],74.0,0.0,3356.0,['INDIA'],NA,16.652289,81.380061,Heavy monsoon rains,NA,India,1.5,News,"{""type"":""MultiPoint"",""coordinates"":[]}"
DFO_3359_From_20080809_to_20080820,"China, India, Pakistan, Afghanistan","['IN', 'CH', 'AF', 'PK', 'UU', 'NP']",37.0,90752.0,3359.0,"['INDIA', 'CHINA', 'AFGHANISTAN', 'PAKISTAN', 'In dispute CHINA/INDIA', 'NEPAL']",FL-2008-000131-LAO,30.738475,72.634688,Heavy monsoon rains,,Pakistan,1.5,News,"{""type"":""MultiPoint"",""coordinates"":[]}"
DFO_3365_From_20080818_to_20080924,"China, India, Nepal, Bangladesh, Bhutan","['BG', 'IN', 'CH', 'BT', 'UU', 'NP']",400.0,1.0E7,3365.0,"['BANGLADESH', 'INDIA', 'CHINA', 'BHUTAN', 'In dispute BHUTAN/CHINA', 'In dispute CHINA/INDIA', 'NEPAL', 'In dispute INDIA/NEPAL']",NA,26.950613,84.923215,Heavy monsoon rains,,Nepal,2.0,News,"{""type"":""MultiPoint"",""coordinates"":[]}"
DFO_3371_From_20080830_to_20080908,"China, India, Nepal, Bangladesh, Bhutan","['BM', 'BG', 'IN', 'CH', 'BT', 'UU', 'NP']",0.0,600000.0,3371.0,"['BURMA', 'BANGLADESH', 'INDIA', 'CHINA', 'BHUTAN', 'In dispute BHUTAN/CHINA', 'In dispute CHINA/INDIA', 'NEPAL', 'In dispute INDIA/NEPAL']",NA,25.028785,90.210026,Monsoon Rains,NA,Bangladesh,1.5,News,"{""type"":""MultiPoint"",""coordinates"":[]}"
DFO_3372_From_20080830_to_20080908,"China, India, Myanmar (Burma), Nepal, Bangladesh, Bhutan","['BM', 'BG', 'IN', 'CH', 'BT', 'UU', 'NP']",900.0,1000000.0,3372.0,"['BURMA', 'BANGLADESH', 'INDIA', 'CHINA', 'BHUTAN', 'In dispute BHUTAN/CHINA', 'NEPAL']",NA,27.044183,94.55033,Monsoon Rains,NA,India,1.5,News,"{""type"":""MultiPoint"",""coordinates"":[]}"
DFO_3382_From_20080922_to_20080929,"China, India, Nepal, Bangladesh","['BG', 'IN', 'CH', 'UU', 'NP']",2400.0,0.0,3382.0,"['BANGLADESH', 'INDIA', 'CHINA', 'In dispute CHINA/INDIA', 'NEPAL', 'In dispute INDIA/NEPAL']",NA,20.95224,84.406372,Dam release and Heavy  Rain,NA,India,2.0,News,"{""type"":""MultiPoint"",""coordinates"":[]}"
DFO_3383_From_20080922_to_20080929,"China, India, Pakistan, Nepal, Bangladesh","['BG', 'IN', 'CH', 'UU', 'PK', 'NP']",49.0,13000.0,3383.0,"['BANGLADESH', 'INDIA', 'CHINA', 'In dispute CHINA/INDIA', 'PAKISTAN', 'NEPAL', 'In dispute INDIA/NEPAL']",NA,30.521816,78.938377,Monsoonal Rain,,Nepal,2.0,News,"{""type"":""MultiPoint"",""coordinates"":[]}"
DFO_3485_From_20090420_to_20090515,"India, Bangladesh","['BG', 'IN']",21.0,15000.0,3485.0,"['BANGLADESH', 'INDIA']",,22.163962,89.086148,Heavy Rain,NA,Bangladesh,1.5,News,"{""type"":""MultiPoint"",""coordinates"":[]}"
DFO_3495_From_20090703_to_20090706,"China, India, Nepal, Bangladesh","['BM', 'BG', 'IN', 'CH', 'BT', 'UU', 'NP']",20.0,700000.0,3495.0,"['BURMA', 'BANGLADESH', 'INDIA', 'CHINA', 'BHUTAN', 'In dispute BHUTAN/CHINA', 'In dispute CHINA/INDIA', 'NEPAL', 'In dispute INDIA/NEPAL']",FL-2009-000123-BGD,25.256217,89.086147,Torrential Rain,NA,Bangladesh,1.0,News,"{""type"":""MultiPoint"",""coordinates"":[]}"
DFO_3496_From_20090703_to_20090706,"China, India, Bangladesh, Bhutan","['BM', 'BG', 'IN', 'CH', 'BT', 'UU', 'NP']",6.0,0.0,3496.0,"['BURMA', 'BANGLADESH', 'INDIA', 'CHINA', 'BHUTAN', 'In dispute BHUTAN/CHINA', 'NEPAL']",FL-2009-000122-IND,27.481004,93.821488,Torrential Rain,NA,India,1.0,News,"{""type"":""MultiPoint"",""coordinates"":[]}"
DFO_3530_From_20090818_to_20090827,"China, India, Myanmar (Burma), Bangladesh, Bhutan","['BM', 'BG', 'IN', 'CH', 'BT', 'UU', 'NP']",0.0,300000.0,3530.0,"['BURMA', 'BANGLADESH', 'INDIA', 'CHINA', 'BHUTAN', 'In dispute BHUTAN/CHINA', 'NEPAL']",NA,26.817651,94.142952,Monsoon Rain,NA,India,1.0,0,"{""type"":""MultiPoint"",""coordinates"":[]}"
DFO_3551_From_20090925_to_20091012,India,['IN'],303.0,0.0,3551.0,['INDIA'],FL-2009-000217-IND,15.708107,78.232999,Heavy Rain,NA,India,2.0,0,"{""type"":""MultiPoint"",""coordinates"":[]}"
DFO_3553_From_20091004_to_20091012,"China, India, Pakistan, Nepal, Bangladesh, Bhutan","['BG', 'IN', 'CH', 'BT', 'UU', 'PK', 'NP']",45.0,0.0,3553.0,"['BANGLADESH', 'INDIA', 'CHINA', 'BHUTAN', 'In dispute BHUTAN/CHINA', 'PAKISTAN', 'In dispute CHINA/INDIA', 'NEPAL', 'In dispute INDIA/NEPAL']",FL-2009-000219-NPL,29.81192,80.763928,Heavy Rain,NA,Nepal,2.0,0,"{""type"":""MultiPoint"",""coordinates"":[]}"
DFO_3633_From_20100327_to_20100407,"India, Bangladesh","['BG', 'IN']",104.0,0.0,3633.0,"['BANGLADESH', 'INDIA']",FL-2010-000070-BGD,22.152795,89.509928,Heavy Rain,NA,Bangladesh,1.0,0,"{""type"":""MultiPoint"",""coordinates"":[]}"
DFO_3636_From_20100418_to_20100421,"China, India, Bangladesh, Bhutan","['BG', 'IN', 'CH', 'BT', 'UU', 'NP']",0.0,300.0,3636.0,"['BANGLADESH', 'INDIA', 'CHINA', 'BHUTAN', 'In dispute BHUTAN/CHINA', 'NEPAL']",NA,26.316584,91.862265,Heavy Rain,NA,India,2.0,0,"{""type"":""MultiPoint"",""coordinates"":[]}"
DFO_3650_From_20100515_to_20100626,"China, India, Bangladesh, Bhutan","['BM', 'BG', 'IN', 'CH', 'BT', 'UU', 'NP']",0.0,10000.0,3650.0,"['BURMA', 'BANGLADESH', 'INDIA', 'CHINA', 'BHUTAN', 'In dispute BHUTAN/CHINA', 'NEPAL']",NA,26.638053,93.122627,Monsoonal Rain,NA,India,1.5,0,"{""type"":""MultiPoint"",""coordinates"":[]}"
DFO_3652_From_20100518_to_20100524,India,['IN'],27.0,50000.0,3652.0,['INDIA'],TC-2010-000097-IND,15.21825,79.484382,Heavy rain,NA,India,1.0,0,"{""type"":""MultiPoint"",""coordinates"":[]}"
DFO_3658_From_20100606_to_20100607,"India, Pakistan","['IN', 'PK']",23.0,4000.0,3658.0,"['INDIA', 'PAKISTAN']",TC-2010-000108-PAK,25.117454,67.905172,Tropical Cyclone Phet,,Pakistan,1.0,0,"{""type"":""MultiPoint"",""coordinates"":[]}"
DFO_3662_From_20100615_to_20100626,"India, Myanmar (Burma), Bangladesh","['BM', 'BG', 'IN', 'CH']",60.0,0.0,3662.0,"['BURMA', 'BANGLADESH', 'INDIA', 'CHINA']",FL-2010-000115-MMR,22.280362,94.010494,Monsoonal Rain,,Myanmar,1.0,0,"{""type"":""MultiPoint"",""coordinates"":[]}"
DFO_3674_From_20100705_to_20100715,"China, India, Pakistan, Nepal, Bangladesh","['BG', 'IN', 'CH', 'PK', 'UU', 'NP']",98.0,523000.0,3674.0,"['BANGLADESH', 'INDIA', 'CHINA', 'PAKISTAN', 'In dispute CHINA/INDIA', 'NEPAL', 'In dispute INDIA/NEPAL']",FL-2010-000125-IND,30.18952,74.778484,Monsoonal Rain,,India,1.0,0,"{""type"":""MultiPoint"",""coordinates"":[]}"
DFO_3679_From_20100701_to_20100713,"China, India, Myanmar (Burma), Nepal, Bangladesh","['BM', 'BG', 'IN', 'CH', 'BT', 'UU', 'NP']",0.0,600000.0,3679.0,"['BURMA', 'BANGLADESH', 'INDIA', 'CHINA', 'BHUTAN', 'In dispute BHUTAN/CHINA', 'In dispute CHINA/INDIA', 'NEPAL', 'In dispute INDIA/NEPAL']",NA,23.994863,90.035505,Monsoonal Rain,NA,Bangladesh,1.0,0,"{""type"":""MultiPoint"",""coordinates"":[]}"
DFO_3696_From_20100727_to_20101115,"China, India, Pakistan, Afghanistan, Nepal","['IN', 'CH', 'AF', 'PK', 'UU', 'NP']",1750.0,1.0E7,3696.0,"['INDIA', 'CHINA', 'AFGHANISTAN', 'PAKISTAN', 'In dispute CHINA/INDIA', 'NEPAL']",FL-2010-000141-PAK,33.363388,73.257885,Monsoonal Rain,NA,Pakistan,2.0,News,"{""type"":""MultiPoint"",""coordinates"":[]}"
DFO_3713_From_20100905_to_20100917,"China, India, Bangladesh, Bhutan","['BM', 'BG', 'IN', 'CH', 'BT', 'UU', 'NP']",1.0,30000.0,3713.0,"['BURMA', 'BANGLADESH', 'INDIA', 'CHINA', 'BHUTAN', 'In dispute BHUTAN/CHINA', 'NEPAL']",NA,26.234999,92.250001,Torrential Rains,NA,Inda,1.5,News,"{""type"":""MultiPoint"",""coordinates"":[]}"
DFO_3716_From_20100909_to_20100930,"China, India, Nepal, Bangladesh, Bhutan","['BM', 'BG', 'IN', 'CH', 'BT', 'UU', 'NP']",0.0,140000.0,3716.0,"['BURMA', 'BANGLADESH', 'INDIA', 'CHINA', 'BHUTAN', 'In dispute BHUTAN/CHINA', 'In dispute CHINA/INDIA', 'NEPAL', 'In dispute INDIA/NEPAL']",NA,25.424999,89.640001,Monsoon Rains,NA,Bangladesh,1.5,News,"{""type"":""MultiPoint"",""coordinates"":[]}"
DFO_3717_From_20100918_to_20100930,"China, India, Nepal, Bangladesh","['BG', 'IN', 'CH', 'UU', 'NP']",88.0,15000.0,3717.0,"['BANGLADESH', 'INDIA', 'CHINA', 'In dispute CHINA/INDIA', 'NEPAL', 'In dispute INDIA/NEPAL']",NA,26.729999,82.845001,Monsoon Rains,NA,India,1.5,News,"{""type"":""MultiPoint"",""coordinates"":[]}"
DFO_3732_From_20101001_to_20101012,"China, India, Myanmar (Burma), Nepal, Bangladesh, Bhutan","['BM', 'BG', 'IN', 'CH', 'BT', 'UU', 'NP']",15.0,500000.0,3732.0,"['BURMA', 'BANGLADESH', 'INDIA', 'CHINA', 'BHUTAN', 'In dispute BHUTAN/CHINA', 'In dispute CHINA/INDIA', 'NEPAL', 'In dispute INDIA/NEPAL']",NA,24.209999,91.035001,Heavy Rain and Storm Surge,NA,Bangladesh,1.5,News,"{""type"":""MultiPoint"",""coordinates"":[]}"
DFO_3843_From_20110721_to_20110729,"India, Bangladesh","['BG', 'IN']",6.0,10000.0,3843.0,"['BANGLADESH', 'INDIA']",,22.564135,89.046349,Monsoonal Rain,,Bangladesh,1.5,News,"{""type"":""MultiPoint"",""coordinates"":[]}"
DFO_3854_From_20110815_to_20111002,"China, India, Nepal, Bangladesh","['BG', 'IN', 'CH', 'UU', 'NP']",158.0,70000.0,3854.0,"['BANGLADESH', 'INDIA', 'CHINA', 'In dispute CHINA/INDIA', 'NEPAL', 'In dispute INDIA/NEPAL']",,26.375467,86.242215,Monsoonal Rain,Nepal,India,2.0,News,"{""type"":""MultiPoint"",""coordinates"":[]}"
DFO_3856_From_20110815_to_20110908,"China, India, Bangladesh, Bhutan","['BM', 'BG', 'IN', 'CH', 'BT', 'UU', 'NP']",7.0,11000.0,3856.0,"['BURMA', 'BANGLADESH', 'INDIA', 'CHINA', 'BHUTAN', 'In dispute BHUTAN/CHINA', 'NEPAL']",,26.589671,92.181547,Monsoonal Rain,,India,1.5,News,"{""type"":""MultiPoint"",""coordinates"":[]}"
DFO_3857_From_20110812_to_20111101,"India, Pakistan","['IN', 'PK']",434.0,660000.0,3857.0,"['INDIA', 'PAKISTAN']",,25.012345,69.066891,Monsoonal Rain,,Pakistan,1.5,News,"{""type"":""MultiPoint"",""coordinates"":[]}"
DFO_3864_From_20110825_to_20110913,India,['IN'],0.0,5000.0,3864.0,['INDIA'],,22.30208,73.953105,Monsoonal Rain,,India,1.5,News,"{""type"":""MultiPoint"",""coordinates"":[]}"
DFO_3866_From_20110905_to_20111002,"India, Bangladesh","['BG', 'IN']",40.0,15000.0,3866.0,"['BANGLADESH', 'INDIA']",,20.651119,86.002162,Monsoonal Rain,,India,1.5,News,"{""type"":""MultiPoint"",""coordinates"":[]}"
DFO_3960_From_20120803_to_20120806,India,['IN'],0.0,2000.0,3960.0,['INDIA'],,19.439848,82.321565,Monsoonal Rain,,India,1.0,News,"{""type"":""MultiPoint"",""coordinates"":[]}"
DFO_3966_From_20120816_to_20120820,India,['IN'],1.0,210.0,3966.0,['INDIA'],,20.985523,82.796221,Monsoonal Rain,,India,1.0,News,"{""type"":""MultiPoint"",""coordinates"":[]}"
DFO_3974_From_20120823_to_20120829,"China, India, Pakistan, Afghanistan","['IN', 'CH', 'UU', 'AF', 'PK', 'NP']",26.0,1200.0,3974.0,"['INDIA', 'CHINA', 'In dispute CHINA/INDIA', 'AFGHANISTAN', 'PAKISTAN', 'NEPAL']",FF-2012-000148-PAK,35.030504,73.522165,Monsoonal Rain,,Pakistan,1.5,News,"{""type"":""MultiPoint"",""coordinates"":[]}"
DFO_3983_From_20120916_to_20120918,"China, India, Pakistan, Nepal, Bangladesh","['BG', 'IN', 'CH', 'PK', 'UU', 'NP']",45.0,200.0,3983.0,"['BANGLADESH', 'INDIA', 'CHINA', 'PAKISTAN', 'In dispute CHINA/INDIA', 'NEPAL', 'In dispute INDIA/NEPAL']",,31.306274,76.85692,Torrential Rain,,India,2.0,News,"{""type"":""MultiPoint"",""coordinates"":[]}"
DFO_3984_From_20120910_to_20121029,"India, Pakistan","['IN', 'PK']",400.0,742000.0,3984.0,"['INDIA', 'PAKISTAN']",,28.044522,68.775576,Monsoonal Rain,,Pakistan,1.5,News,"{""type"":""MultiPoint"",""coordinates"":[]}"
DFO_4001_From_20121104_to_20121108,India,['IN'],40.0,70000.0,4001.0,['INDIA'],,11.828347,78.804243,Tropical Storm Nilam,,India,2.0,News,"{""type"":""MultiPoint"",""coordinates"":[]}"
DFO_4078_From_20130801_to_20130807,"China, India, Pakistan, Afghanistan, Uzbekistan, Kyrgyzstan, Tajikistan, Nepal, Turkmenistan","['IN', 'CH', 'KG', 'TI', 'AF', 'PK', 'UU', 'NP', 'UZ', 'IR', 'TX']",135.0,81000.0,4078.0,"['INDIA', 'CHINA', 'KYRGYZSTAN', 'TAJIKISTAN', 'AFGHANISTAN', 'PAKISTAN', 'In dispute CHINA/INDIA', 'NEPAL', 'UZBEKISTAN', 'IRAN', 'TURKMENISTAN']",,32.814392,70.637704,Heavy Rain,Afghanistan,Pakistan,1.5,News,"{""type"":""MultiPoint"",""coordinates"":[]}"
DFO_4082_From_20130807_to_20130821,"China, India, Pakistan, Afghanistan, Iran, Nepal","['IN', 'CH', 'AF', 'PK', 'UU', 'NP', 'IR']",70.0,12000.0,4082.0,"['INDIA', 'CHINA', 'AFGHANISTAN', 'PAKISTAN', 'In dispute CHINA/INDIA', 'NEPAL', 'IRAN']",,28.740393,69.106502,"Monsoon Rain, began with #4078",,Pakistan,1.5,News,"{""type"":""MultiPoint"",""coordinates"":[]}"
DFO_4098_From_20131012_to_20131110,"China, India, Nepal, Bangladesh","['BG', 'IN', 'CH', 'UU', 'NP']",7.0,0.0,4098.0,"['BANGLADESH', 'INDIA', 'CHINA', 'In dispute CHINA/INDIA', 'NEPAL', 'In dispute INDIA/NEPAL']",,24.717423,85.932081,Heavy Rain,,India,1.5,News,"{""type"":""MultiPoint"",""coordinates"":[]}"
DFO_4154_From_20140623_to_20140625,"China, India, Bangladesh","['BM', 'BG', 'IN', 'CH', 'BT', 'UU', 'NP']",0.0,10000.0,4154.0,"['BURMA', 'BANGLADESH', 'INDIA', 'CHINA', 'BHUTAN', 'In dispute BHUTAN/CHINA', 'NEPAL']",,27.811455,94.716023,Monsoonal Ran,,India,1.0,News,"{""type"":""MultiPoint"",""coordinates"":[]}"
DFO_4171_From_20140811_to_20140908,"China, India, Nepal, Bangladesh","['BG', 'IN', 'CH', 'UU', 'NP']",31.0,4000.0,4171.0,"['BANGLADESH', 'INDIA', 'CHINA', 'In dispute CHINA/INDIA', 'NEPAL', 'In dispute INDIA/NEPAL']",,27.385201,79.758579,Monsoonal Rain,,India,1.5,News,"{""type"":""MultiPoint"",""coordinates"":[]}"
DFO_4174_From_20140814_to_20140908,"China, India, Nepal, Bangladesh","['BG', 'IN', 'CH', 'UU', 'NP']",0.0,10000.0,4174.0,"['BANGLADESH', 'INDIA', 'CHINA', 'In dispute CHINA/INDIA', 'NEPAL', 'In dispute INDIA/NEPAL']",,26.179465,86.253746,Monsoonal Rain,,India,1.5,News,"{""type"":""MultiPoint"",""coordinates"":[]}"
DFO_4176_From_20140815_to_20140908,"China, India, Bangladesh, Bhutan","['BM', 'BG', 'IN', 'CH', 'BT', 'UU', 'NP']",1.0,75000.0,4176.0,"['BURMA', 'BANGLADESH', 'INDIA', 'CHINA', 'BHUTAN', 'In dispute BHUTAN/CHINA', 'NEPAL']",,27.613202,94.654164,Monsoonal Rain,,India,1.0,News,"{""type"":""MultiPoint"",""coordinates"":[]}"
DFO_4178_From_20140820_to_20140908,"China, India, Nepal, Bangladesh, Bhutan","['BM', 'BG', 'IN', 'CH', 'BT', 'UU', 'NP']",17.0,500000.0,4178.0,"['BURMA', 'BANGLADESH', 'INDIA', 'CHINA', 'BHUTAN', 'In dispute BHUTAN/CHINA', 'In dispute CHINA/INDIA', 'NEPAL', 'In dispute INDIA/NEPAL']",,24.566128,90.633346,Monsoonal Rain,,Bangladesh,1.5,News,"{""type"":""MultiPoint"",""coordinates"":[]}"
DFO_4179_From_20140901_to_20141011,"China, India, Pakistan, Afghanistan, Tajikistan","['IN', 'CH', 'UU', 'TI', 'AF', 'PK', 'NP']",300.0,30000.0,4179.0,"['INDIA', 'CHINA', 'In dispute CHINA/INDIA', 'TAJIKISTAN', 'AFGHANISTAN', 'PAKISTAN', 'In dispute INDIA/PAKISTAN', 'NEPAL']",,33.944858,75.341864,Monoonal Rain,India,Pakistan,2.0,News,"{""type"":""MultiPoint"",""coordinates"":[]}"
DFO_4188_From_20140924_to_20141011,"China, India, Nepal, Bangladesh, Bhutan","['BM', 'BG', 'IN', 'CH', 'BT', 'UU', 'NP']",59.0,30000.0,4188.0,"['BURMA', 'BANGLADESH', 'INDIA', 'CHINA', 'BHUTAN', 'In dispute BHUTAN/CHINA', 'NEPAL']",,26.746527,92.489108,Monsoonal rain,,India,1.5,News,"{""type"":""MultiPoint"",""coordinates"":[]}"
DFO_4198_From_20141012_to_20141027,India,['IN'],42.0,0.0,4198.0,['INDIA'],,18.447297,79.69672,Tropical Storm Hudhug,,India,1.5,News,"{""type"":""MultiPoint"",""coordinates"":[]}"
DFO_4239_From_20150320_to_20150331,"China, India, Pakistan","['IN', 'CH', 'UU', 'PK', 'NP']",44.0,2907.0,4239.0,"['INDIA', 'CHINA', 'In dispute CHINA/INDIA', 'PAKISTAN', 'In dispute INDIA/PAKISTAN', 'NEPAL']",FL-2015-000029-IND,33.17674,76.405834,Heavy Rain,,India,1.5,News,"{""type"":""MultiPoint"",""coordinates"":[]}"
DFO_4251_From_20150517_to_20150521,India,['IN'],8.0,200.0,4251.0,['INDIA'],,10.712137,79.177106,Torrential Rain,,India,1.0,News,"{""type"":""MultiPoint"",""coordinates"":[]}"
DFO_4259_From_20150602_to_20150629,"China, India, Nepal, Bangladesh, Bhutan","['BM', 'BG', 'IN', 'CH', 'BT', 'UU', 'NP']",3.0,9000.0,4259.0,"['BURMA', 'BANGLADESH', 'INDIA', 'CHINA', 'BHUTAN', 'In dispute BHUTAN/CHINA', 'NEPAL']",FL-2015-000064-IND,26.919545,93.874744,Monsoonal Rain,,India,1.5,News,"{""type"":""MultiPoint"",""coordinates"":[]}"
DFO_4265_From_20150624_to_20150629,India,"['IN', 'PK']",81.0,9000.0,4265.0,"['INDIA', 'PAKISTAN']",,21.873364,70.764317,Monsoonal Rain,,India,1.5,News,"{""type"":""MultiPoint"",""coordinates"":[]}"
DFO_4272_From_20150715_to_20150819,"China, India, Pakistan, Afghanistan, Tajikistan","['IN', 'CH', 'KG', 'TI', 'AF', 'PK', 'UU', 'NP']",166.0,803000.0,4272.0,"['INDIA', 'CHINA', 'KYRGYZSTAN', 'TAJIKISTAN', 'AFGHANISTAN', 'PAKISTAN', 'In dispute CHINA/INDIA', 'NEPAL']",,34.343166,72.27367,Monsoonal Rain,,Pakistan,1.5,News,"{""type"":""MultiPoint"",""coordinates"":[]}"
DFO_4282_From_20150715_to_20150819,"China, India, Pakistan, Nepal, Bangladesh, Bhutan","['BG', 'IN', 'CH', 'BT', 'UU', 'PK', 'NP']",206.0,300000.0,4282.0,"['BANGLADESH', 'INDIA', 'CHINA', 'BHUTAN', 'In dispute BHUTAN/CHINA', 'PAKISTAN', 'In dispute CHINA/INDIA', 'NEPAL', 'In dispute INDIA/NEPAL']",,26.20738,82.616452,Monsoonal Rain and Tropical Storm K,,India,2.0,News,"{""type"":""MultiPoint"",""coordinates"":[]}"
DFO_4283_From_20150715_to_20150819,"China, India, Myanmar (Burma), Bangladesh","['TH', 'BM', 'BG', 'IN', 'CH']",88.0,85400.0,4283.0,"['THAILAND', 'BURMA', 'BANGLADESH', 'INDIA', 'CHINA']",,20.174691,95.532558,Monsoonal Rain,,Myanmar,2.0,News,"{""type"":""MultiPoint"",""coordinates"":[]}"
DFO_4288_From_20150813_to_20150911,"China, India, Nepal, Bangladesh, Bhutan","['BM', 'BG', 'IN', 'CH', 'BT', 'UU', 'NP']",5.0,18000.0,4288.0,"['BURMA', 'BANGLADESH', 'INDIA', 'CHINA', 'BHUTAN', 'In dispute BHUTAN/CHINA', 'NEPAL']",,26.894603,93.751026,Monsoonal Rain,,India,1.0,News,"{""type"":""MultiPoint"",""coordinates"":[]}"
DFO_4309_From_20151110_to_20151204,India,['IN'],180.0,400000.0,4309.0,['INDIA'],TC-2015-000163-IND,11.827777,78.855441,Tropical Storm Rovan,,India,2.0,News,"{""type"":""MultiPoint"",""coordinates"":[]}"
DFO_4339_From_20160312_to_20160413,"China, India, Pakistan, Afghanistan","['IN', 'CH', 'AF', 'PK', 'UU', 'NP']",121.0,2400.0,4339.0,"['INDIA', 'CHINA', 'AFGHANISTAN', 'PAKISTAN', 'In dispute CHINA/INDIA', 'NEPAL']",FL-2016-000021-PAK,33.054515,71.7788,Heavy Rain,,Pakistan,1.5,News,"{""type"":""MultiPoint"",""coordinates"":[]}"
DFO_4355_From_20160420_to_20160501,"China, India, Myanmar (Burma), Bangladesh, Bhutan","['BM', 'BG', 'IN', 'CH', 'BT', 'UU', 'NP']",18.0,3000.0,4355.0,"['BURMA', 'BANGLADESH', 'INDIA', 'CHINA', 'BHUTAN', 'In dispute BHUTAN/CHINA', 'NEPAL']",,27.463976,95.606788,Heavy Rain,Bangladesh,India,1.5,Flood List,"{""type"":""MultiPoint"",""coordinates"":[]}"
DFO_4365_From_20160601_to_20160816,"China, India, Myanmar (Burma), Bangladesh","['BM', 'BG', 'IN', 'CH']",16.0,25000.0,4365.0,"['BURMA', 'BANGLADESH', 'INDIA', 'CHINA']",FL-2016-000058-MMR,18.315771,95.260379,Monsoonal Rain,,Myanmar,2.0,News,"{""type"":""MultiPoint"",""coordinates"":[]}"
DFO_4378_From_20160707_to_20160803,"China, India, Nepal, Bangladesh","['BG', 'IN', 'CH', 'UU', 'NP']",20.0,15000.0,4378.0,"['BANGLADESH', 'INDIA', 'CHINA', 'In dispute CHINA/INDIA', 'NEPAL', 'In dispute INDIA/NEPAL']",,22.810744,80.83492,Monsoonal Rain,,India,1.5,News,"{""type"":""MultiPoint"",""coordinates"":[]}"
DFO_4382_From_20160725_to_20160826,"China, India, Myanmar (Burma), Nepal, Bangladesh, Bhutan","['BM', 'BG', 'IN', 'CH', 'BT', 'UU', 'NP']",42.0,25000.0,4382.0,"['BURMA', 'BANGLADESH', 'INDIA', 'CHINA', 'BHUTAN', 'In dispute BHUTAN/CHINA', 'In dispute CHINA/INDIA', 'NEPAL', 'In dispute INDIA/NEPAL']",FL-2016-000075-BGD,24.095044,90.039502,Monsoonal Rain,,Bangladesh,1.5,News,"{""type"":""MultiPoint"",""coordinates"":[]}"
DFO_4390_From_20160815_to_20160826,"China, India, Myanmar (Burma)","['BM', 'IN', 'CH']",0.0,0.0,4390.0,"['BURMA', 'INDIA', 'CHINA']",,26.347448,96.868707,Monsoonal Rain,,Thailand,1.0,News,"{""type"":""MultiPoint"",""coordinates"":[]}"
DFO_4459_From_20170330_to_20170418,"China, India, Nepal, Bangladesh, Bhutan","['BM', 'BG', 'IN', 'CH', 'BT', 'UU', 'NP']",0.0,0.0,4459.0,"['BURMA', 'BANGLADESH', 'INDIA', 'CHINA', 'BHUTAN', 'In dispute BHUTAN/CHINA', 'NEPAL']",,24.317835,90.682833,Heavy Rain,,Bangladesh,1.0,News,"{""type"":""MultiPoint"",""coordinates"":[]}"
DFO_4483_From_20170602_to_20170703,"China, India, Myanmar (Burma), Bangladesh, Bhutan","['BM', 'BG', 'IN', 'CH', 'BT', 'UU', 'NP']",6.0,113.0,4483.0,"['BURMA', 'BANGLADESH', 'INDIA', 'CHINA', 'BHUTAN', 'In dispute BHUTAN/CHINA', 'NEPAL']",FL-2017-000064-IND,27.613121,94.938714,Monsoonal Rain,,India,1.0,News,"{""type"":""MultiPoint"",""coordinates"":[]}"
DFO_4499_From_20170727_to_20170810,"India, Bangladesh","['BG', 'IN']",39.0,47000.0,4499.0,"['BANGLADESH', 'INDIA']",,22.906125,88.084765,Monsoonal Rain,,India,1.0,News,"{""type"":""MultiPoint"",""coordinates"":[]}"
DFO_4507_From_20170810_to_20170826,"China, India, Pakistan, Nepal, Bangladesh","['BG', 'IN', 'CH', 'PK', 'UU', 'NP']",253.0,422106.0,4507.0,"['BANGLADESH', 'INDIA', 'CHINA', 'PAKISTAN', 'In dispute CHINA/INDIA', 'NEPAL', 'In dispute INDIA/NEPAL']",,28.16566,79.076049,Monsoonal Rain,,India,2.0,News,"{""type"":""MultiPoint"",""coordinates"":[]}"
DFO_4508_From_20170810_to_20170826,"China, India, Myanmar (Burma), Nepal, Bangladesh","['BM', 'BG', 'IN', 'CH', 'BT', 'UU', 'NP']",117.0,300000.0,4508.0,"['BURMA', 'BANGLADESH', 'INDIA', 'CHINA', 'BHUTAN', 'In dispute BHUTAN/CHINA', 'In dispute CHINA/INDIA', 'NEPAL', 'In dispute INDIA/NEPAL']",FL-2017-000108-BGD,24.591169,90.014758,Monsoonal Rain,,Bangladesh,1.5,News,"{""type"":""MultiPoint"",""coordinates"":[]}"
